-- phpMyAdmin SQL Dump
-- version 4.8.5
-- https://www.phpmyadmin.net/
--
-- Хост: 127.0.0.1:3306
-- Время создания: Июн 29 2022 г., 14:34
-- Версия сервера: 5.6.43
-- Версия PHP: 7.1.22

SET SQL_MODE = "NO_AUTO_VALUE_ON_ZERO";
SET AUTOCOMMIT = 0;
START TRANSACTION;
SET time_zone = "+00:00";


/*!40101 SET @OLD_CHARACTER_SET_CLIENT=@@CHARACTER_SET_CLIENT */;
/*!40101 SET @OLD_CHARACTER_SET_RESULTS=@@CHARACTER_SET_RESULTS */;
/*!40101 SET @OLD_COLLATION_CONNECTION=@@COLLATION_CONNECTION */;
/*!40101 SET NAMES utf8mb4 */;

--
-- База данных: `restapi_db`
--

-- --------------------------------------------------------

--
-- Структура таблицы `flats`
--

CREATE TABLE `flats` (
  `id` int(11) NOT NULL,
  `floor` int(11) NOT NULL,
  `status` varchar(255) NOT NULL,
  `flat_number` int(11) NOT NULL,
  `size` double NOT NULL DEFAULT '0',
  `rooms` int(11) NOT NULL DEFAULT '0',
  `price` int(11) NOT NULL DEFAULT '0',
  `HouseId` int(11) DEFAULT NULL,
  `houseIdId` int(11) DEFAULT NULL,
  `sectionId` int(11) DEFAULT NULL
) ENGINE=InnoDB DEFAULT CHARSET=utf8;

--
-- Дамп данных таблицы `flats`
--

INSERT INTO `flats` (`id`, `floor`, `status`, `flat_number`, `size`, `rooms`, `price`, `HouseId`, `houseIdId`, `sectionId`) VALUES
(1, 0, 'sold', 241, 86.3, 3, 56000000, 1, NULL, 1),
(2, 0, 'free', 242, 86.3, 3, 56000000, 1, NULL, 1),
(3, 0, 'free', 243, 86.3, 3, 56000000, 1, NULL, 1),
(4, 0, 'free', 244, 86.3, 3, 56000000, 1, NULL, 1),
(5, 0, 'free', 245, 86.3, 3, 56000000, 1, NULL, 1),
(6, 0, 'free', 246, 86.3, 3, 56000000, 1, NULL, 1),
(7, 0, 'free', 247, 86.3, 3, 56000000, 1, NULL, 1),
(8, 0, 'free', 248, 86.3, 3, 56000000, 1, NULL, 1),
(9, 0, 'free', 249, 86.3, 3, 56000000, 1, NULL, 1),
(10, 0, 'free', 250, 86.3, 3, 56000000, 1, NULL, 1),
(11, 0, 'free', 251, 86.3, 3, 56000000, 1, NULL, 1),
(12, 0, 'free', 252, 0, 0, 0, 1, NULL, 1),
(13, 1, 'free', 253, 0, 0, 0, 1, NULL, 1),
(14, 1, 'free', 254, 0, 0, 0, 1, NULL, 1),
(15, 1, 'free', 255, 0, 0, 0, 1, NULL, 1),
(16, 1, 'free', 256, 0, 0, 0, 1, NULL, 1),
(17, 1, 'free', 257, 0, 0, 0, 1, NULL, 1),
(18, 1, 'free', 258, 0, 0, 0, 1, NULL, 1),
(19, 1, 'free', 259, 0, 0, 0, 1, NULL, 1),
(20, 1, 'free', 260, 0, 0, 0, 1, NULL, 1),
(21, 1, 'free', 261, 0, 0, 0, 1, NULL, 1),
(22, 1, 'free', 262, 0, 0, 0, 1, NULL, 1),
(23, 1, 'free', 263, 0, 0, 0, 1, NULL, 1),
(24, 1, 'free', 264, 0, 0, 0, 1, NULL, 1),
(25, 2, 'free', 265, 0, 0, 0, 1, NULL, 1),
(26, 2, 'free', 266, 0, 0, 0, 1, NULL, 1),
(27, 2, 'free', 267, 0, 0, 0, 1, NULL, 1),
(28, 2, 'free', 268, 0, 0, 0, 1, NULL, 1),
(29, 2, 'free', 269, 0, 0, 0, 1, NULL, 1),
(30, 2, 'free', 270, 0, 0, 0, 1, NULL, 1),
(31, 2, 'free', 271, 0, 0, 0, 1, NULL, 1),
(32, 2, 'free', 272, 0, 0, 0, 1, NULL, 1),
(33, 2, 'free', 273, 0, 0, 0, 1, NULL, 1),
(34, 2, 'free', 274, 0, 0, 0, 1, NULL, 1),
(35, 2, 'free', 275, 0, 0, 0, 1, NULL, 1),
(36, 2, 'free', 276, 0, 0, 0, 1, NULL, 1),
(37, 3, 'free', 277, 0, 0, 0, 1, NULL, 1),
(38, 3, 'free', 278, 0, 0, 0, 1, NULL, 1),
(39, 3, 'free', 279, 0, 0, 0, 1, NULL, 1),
(40, 3, 'free', 280, 0, 0, 0, 1, NULL, 1),
(41, 3, 'free', 281, 0, 0, 0, 1, NULL, 1),
(42, 3, 'free', 282, 0, 0, 0, 1, NULL, 1),
(43, 3, 'free', 283, 0, 0, 0, 1, NULL, 1),
(44, 3, 'free', 284, 0, 0, 0, 1, NULL, 1),
(45, 3, 'free', 285, 0, 0, 0, 1, NULL, 1),
(46, 3, 'free', 286, 0, 0, 0, 1, NULL, 1),
(47, 3, 'free', 287, 0, 0, 0, 1, NULL, 1),
(48, 3, 'free', 288, 0, 0, 0, 1, NULL, 1),
(49, 4, 'free', 289, 0, 0, 0, 1, NULL, 1),
(50, 4, 'free', 290, 0, 0, 0, 1, NULL, 1),
(51, 4, 'free', 291, 0, 0, 0, 1, NULL, 1),
(52, 4, 'free', 292, 0, 0, 0, 1, NULL, 1),
(53, 4, 'free', 293, 0, 0, 0, 1, NULL, 1),
(54, 4, 'free', 294, 0, 0, 0, 1, NULL, 1),
(55, 4, 'free', 295, 0, 0, 0, 1, NULL, 1),
(56, 4, 'free', 296, 0, 0, 0, 1, NULL, 1),
(57, 4, 'free', 297, 0, 0, 0, 1, NULL, 1),
(58, 4, 'free', 298, 0, 0, 0, 1, NULL, 1),
(59, 4, 'free', 299, 0, 0, 0, 1, NULL, 1),
(60, 4, 'free', 300, 0, 0, 0, 1, NULL, 1),
(61, 5, 'free', 301, 0, 0, 0, 1, NULL, 1),
(62, 5, 'free', 302, 0, 0, 0, 1, NULL, 1),
(63, 5, 'free', 303, 0, 0, 0, 1, NULL, 1),
(64, 5, 'free', 304, 0, 0, 0, 1, NULL, 1),
(65, 5, 'free', 305, 0, 0, 0, 1, NULL, 1),
(66, 5, 'free', 306, 0, 0, 0, 1, NULL, 1),
(67, 5, 'free', 307, 0, 0, 0, 1, NULL, 1),
(68, 5, 'free', 308, 0, 0, 0, 1, NULL, 1),
(69, 5, 'free', 309, 0, 0, 0, 1, NULL, 1),
(70, 5, 'free', 310, 0, 0, 0, 1, NULL, 1),
(71, 5, 'free', 311, 0, 0, 0, 1, NULL, 1),
(72, 5, 'free', 312, 0, 0, 0, 1, NULL, 1),
(73, 6, 'free', 313, 0, 0, 0, 1, NULL, 1),
(74, 6, 'free', 314, 0, 0, 0, 1, NULL, 1),
(75, 6, 'free', 315, 0, 0, 0, 1, NULL, 1),
(76, 6, 'free', 316, 0, 0, 0, 1, NULL, 1),
(77, 6, 'free', 317, 0, 0, 0, 1, NULL, 1),
(78, 6, 'free', 318, 0, 0, 0, 1, NULL, 1),
(79, 6, 'free', 319, 0, 0, 0, 1, NULL, 1),
(80, 6, 'free', 320, 0, 0, 0, 1, NULL, 1),
(81, 6, 'free', 321, 0, 0, 0, 1, NULL, 1),
(82, 6, 'free', 322, 0, 0, 0, 1, NULL, 1),
(83, 6, 'free', 323, 0, 0, 0, 1, NULL, 1),
(84, 6, 'free', 324, 0, 0, 0, 1, NULL, 1),
(85, 7, 'free', 325, 0, 0, 0, 1, NULL, 1),
(86, 7, 'free', 326, 0, 0, 0, 1, NULL, 1),
(87, 7, 'free', 327, 0, 0, 0, 1, NULL, 1),
(88, 7, 'free', 328, 0, 0, 0, 1, NULL, 1),
(89, 7, 'free', 329, 0, 0, 0, 1, NULL, 1),
(90, 7, 'free', 330, 0, 0, 0, 1, NULL, 1),
(91, 7, 'free', 331, 0, 0, 0, 1, NULL, 1),
(92, 7, 'free', 332, 0, 0, 0, 1, NULL, 1),
(93, 7, 'free', 333, 0, 0, 0, 1, NULL, 1),
(94, 7, 'free', 334, 0, 0, 0, 1, NULL, 1),
(95, 7, 'free', 335, 0, 0, 0, 1, NULL, 1),
(96, 7, 'free', 336, 0, 0, 0, 1, NULL, 1),
(97, 8, 'free', 337, 0, 0, 0, 1, NULL, 1),
(98, 8, 'free', 338, 0, 0, 0, 1, NULL, 1),
(99, 8, 'free', 339, 0, 0, 0, 1, NULL, 1),
(100, 8, 'free', 340, 0, 0, 0, 1, NULL, 1),
(101, 8, 'free', 341, 0, 0, 0, 1, NULL, 1),
(102, 8, 'free', 342, 0, 0, 0, 1, NULL, 1),
(103, 8, 'free', 343, 0, 0, 0, 1, NULL, 1),
(104, 8, 'free', 344, 0, 0, 0, 1, NULL, 1),
(105, 8, 'free', 345, 0, 0, 0, 1, NULL, 1),
(106, 8, 'free', 346, 0, 0, 0, 1, NULL, 1),
(107, 8, 'free', 347, 0, 0, 0, 1, NULL, 1),
(108, 8, 'free', 348, 0, 0, 0, 1, NULL, 1),
(109, 9, 'free', 349, 0, 0, 0, 1, NULL, 1),
(110, 9, 'free', 350, 0, 0, 0, 1, NULL, 1),
(111, 9, 'reserved', 351, 0, 0, 0, 1, NULL, 1),
(112, 9, 'free', 352, 0, 0, 0, 1, NULL, 1),
(113, 9, 'reserved', 353, 0, 0, 0, 1, NULL, 1),
(114, 9, 'free', 354, 0, 0, 0, 1, NULL, 1),
(115, 9, 'free', 355, 0, 0, 0, 1, NULL, 1),
(116, 9, 'free', 356, 0, 0, 0, 1, NULL, 1),
(117, 9, 'free', 357, 0, 0, 0, 1, NULL, 1),
(118, 9, 'free', 358, 0, 0, 0, 1, NULL, 1),
(119, 9, 'free', 359, 0, 0, 0, 1, NULL, 1),
(120, 9, 'free', 360, 0, 0, 0, 1, NULL, 1),
(121, 10, 'free', 361, 0, 0, 0, 1, NULL, 1),
(122, 10, 'free', 362, 0, 0, 0, 1, NULL, 1),
(123, 10, 'free', 363, 0, 0, 0, 1, NULL, 1),
(124, 10, 'free', 364, 0, 0, 0, 1, NULL, 1),
(125, 10, 'free', 365, 0, 0, 0, 1, NULL, 1),
(126, 10, 'free', 366, 0, 0, 0, 1, NULL, 1),
(127, 10, 'free', 367, 0, 0, 0, 1, NULL, 1),
(128, 10, 'free', 368, 0, 0, 0, 1, NULL, 1),
(129, 10, 'free', 369, 0, 0, 0, 1, NULL, 1),
(130, 10, 'free', 370, 0, 0, 0, 1, NULL, 1),
(131, 10, 'free', 371, 0, 0, 0, 1, NULL, 1),
(132, 10, 'free', 372, 0, 0, 0, 1, NULL, 1),
(133, 11, 'free', 373, 0, 0, 0, 1, NULL, 1),
(134, 11, 'free', 374, 0, 0, 0, 1, NULL, 1),
(135, 11, 'free', 375, 0, 0, 0, 1, NULL, 1),
(136, 11, 'free', 376, 0, 0, 0, 1, NULL, 1),
(137, 11, 'free', 377, 0, 0, 0, 1, NULL, 1),
(138, 11, 'free', 378, 0, 0, 0, 1, NULL, 1),
(139, 11, 'free', 379, 0, 0, 0, 1, NULL, 1),
(140, 11, 'free', 380, 0, 0, 0, 1, NULL, 1),
(141, 11, 'free', 381, 0, 0, 0, 1, NULL, 1),
(142, 11, 'free', 382, 0, 0, 0, 1, NULL, 1),
(143, 11, 'free', 383, 0, 0, 0, 1, NULL, 1),
(144, 11, 'free', 384, 0, 0, 0, 1, NULL, 1),
(145, 12, 'free', 385, 0, 0, 0, 1, NULL, 1),
(146, 12, 'free', 386, 0, 0, 0, 1, NULL, 1),
(147, 12, 'free', 387, 0, 0, 0, 1, NULL, 1),
(148, 12, 'free', 388, 0, 0, 0, 1, NULL, 1),
(149, 12, 'free', 389, 0, 0, 0, 1, NULL, 1),
(150, 12, 'free', 390, 0, 0, 0, 1, NULL, 1),
(151, 12, 'free', 391, 0, 0, 0, 1, NULL, 1),
(152, 12, 'free', 392, 0, 0, 0, 1, NULL, 1),
(153, 12, 'free', 393, 0, 0, 0, 1, NULL, 1),
(154, 12, 'free', 394, 0, 0, 0, 1, NULL, 1),
(155, 12, 'reserved', 395, 0, 0, 0, 1, NULL, 1),
(156, 12, 'sold', 396, 0, 0, 0, 1, NULL, 1),
(157, 13, 'sold', 397, 0, 0, 0, 1, NULL, 1),
(158, 13, 'free', 398, 0, 0, 0, 1, NULL, 1),
(159, 13, 'sold', 399, 0, 0, 0, 1, NULL, 1),
(160, 13, 'free', 400, 0, 0, 0, 1, NULL, 1),
(161, 13, 'free', 401, 0, 0, 0, 1, NULL, 1),
(162, 13, 'free', 402, 0, 0, 0, 1, NULL, 1),
(163, 13, 'free', 403, 0, 0, 0, 1, NULL, 1),
(164, 13, 'free', 404, 0, 0, 0, 1, NULL, 1),
(165, 13, 'free', 405, 0, 0, 0, 1, NULL, 1),
(166, 13, 'free', 406, 0, 0, 0, 1, NULL, 1),
(167, 13, 'free', 407, 0, 0, 0, 1, NULL, 1),
(168, 13, 'free', 408, 0, 0, 0, 1, NULL, 1),
(169, 14, 'free', 409, 0, 0, 0, 1, NULL, 1),
(170, 14, 'free', 410, 0, 0, 0, 1, NULL, 1),
(171, 14, 'free', 411, 0, 0, 0, 1, NULL, 1),
(172, 14, 'free', 412, 0, 0, 0, 1, NULL, 1),
(173, 14, 'free', 413, 0, 0, 0, 1, NULL, 1),
(174, 14, 'free', 414, 0, 0, 0, 1, NULL, 1),
(175, 14, 'free', 415, 0, 0, 0, 1, NULL, 1),
(176, 14, 'free', 416, 0, 0, 0, 1, NULL, 1),
(177, 14, 'free', 417, 0, 0, 0, 1, NULL, 1),
(178, 14, 'free', 418, 0, 0, 0, 1, NULL, 1),
(179, 14, 'free', 419, 0, 0, 0, 1, NULL, 1),
(180, 14, 'free', 420, 0, 0, 0, 1, NULL, 1),
(181, 15, 'free', 421, 0, 0, 0, 1, NULL, 1),
(182, 15, 'free', 422, 0, 0, 0, 1, NULL, 1),
(183, 15, 'free', 423, 0, 0, 0, 1, NULL, 1),
(184, 15, 'free', 424, 0, 0, 0, 1, NULL, 1),
(185, 15, 'free', 425, 0, 0, 0, 1, NULL, 1),
(186, 15, 'free', 426, 0, 0, 0, 1, NULL, 1),
(187, 15, 'free', 427, 0, 0, 0, 1, NULL, 1),
(188, 15, 'free', 428, 0, 0, 0, 1, NULL, 1),
(189, 15, 'free', 429, 0, 0, 0, 1, NULL, 1),
(190, 15, 'free', 430, 0, 0, 0, 1, NULL, 1),
(191, 15, 'free', 431, 0, 0, 0, 1, NULL, 1),
(192, 15, 'free', 432, 0, 0, 0, 1, NULL, 1),
(193, 16, 'free', 433, 0, 0, 0, 1, NULL, 1),
(194, 16, 'free', 434, 0, 0, 0, 1, NULL, 1),
(195, 16, 'free', 435, 0, 0, 0, 1, NULL, 1),
(196, 16, 'free', 436, 0, 0, 0, 1, NULL, 1),
(197, 16, 'free', 437, 0, 0, 0, 1, NULL, 1),
(198, 16, 'free', 438, 0, 0, 0, 1, NULL, 1),
(199, 16, 'free', 439, 0, 0, 0, 1, NULL, 1),
(200, 16, 'free', 440, 0, 0, 0, 1, NULL, 1),
(201, 16, 'free', 441, 0, 0, 0, 1, NULL, 1),
(202, 16, 'free', 442, 0, 0, 0, 1, NULL, 1),
(203, 16, 'free', 443, 0, 0, 0, 1, NULL, 1),
(204, 16, 'free', 444, 0, 0, 0, 1, NULL, 1),
(205, 17, 'free', 445, 0, 0, 0, 1, NULL, 1),
(206, 17, 'free', 446, 0, 0, 0, 1, NULL, 1),
(207, 17, 'free', 447, 0, 0, 0, 1, NULL, 1),
(208, 17, 'free', 448, 0, 0, 0, 1, NULL, 1),
(209, 17, 'free', 449, 0, 0, 0, 1, NULL, 1),
(210, 17, 'free', 450, 0, 0, 0, 1, NULL, 1),
(211, 17, 'free', 451, 0, 0, 0, 1, NULL, 1),
(212, 17, 'reserved', 452, 0, 0, 0, 1, NULL, 1),
(213, 17, 'free', 453, 0, 0, 0, 1, NULL, 1),
(214, 17, 'free', 454, 0, 0, 0, 1, NULL, 1),
(215, 17, 'free', 455, 0, 0, 0, 1, NULL, 1),
(216, 17, 'free', 456, 0, 0, 0, 1, NULL, 1),
(217, 18, 'free', 457, 0, 0, 0, 1, NULL, 1),
(218, 18, 'free', 458, 0, 0, 0, 1, NULL, 1),
(219, 18, 'free', 459, 0, 0, 0, 1, NULL, 1),
(220, 18, 'free', 460, 0, 0, 0, 1, NULL, 1),
(221, 18, 'free', 461, 0, 0, 0, 1, NULL, 1),
(222, 18, 'free', 462, 0, 0, 0, 1, NULL, 1),
(223, 18, 'free', 463, 0, 0, 0, 1, NULL, 1),
(224, 18, 'free', 464, 0, 0, 0, 1, NULL, 1),
(225, 18, 'free', 465, 0, 0, 0, 1, NULL, 1),
(226, 18, 'free', 466, 0, 0, 0, 1, NULL, 1),
(227, 18, 'free', 467, 0, 0, 0, 1, NULL, 1),
(228, 18, 'free', 468, 0, 0, 0, 1, NULL, 1),
(229, 19, 'free', 469, 0, 0, 0, 1, NULL, 1),
(230, 19, 'free', 470, 0, 0, 0, 1, NULL, 1),
(231, 19, 'free', 471, 0, 0, 0, 1, NULL, 1),
(232, 19, 'free', 472, 0, 0, 0, 1, NULL, 1),
(233, 19, 'free', 473, 0, 0, 0, 1, NULL, 1),
(234, 19, 'free', 474, 0, 0, 0, 1, NULL, 1),
(235, 19, 'free', 475, 0, 0, 0, 1, NULL, 1),
(236, 19, 'free', 476, 0, 0, 0, 1, NULL, 1),
(237, 19, 'free', 477, 0, 0, 0, 1, NULL, 1),
(238, 19, 'free', 478, 0, 0, 0, 1, NULL, 1),
(239, 19, 'free', 479, 0, 0, 0, 1, NULL, 1),
(240, 19, 'free', 480, 0, 0, 0, 1, NULL, 1),
(241, 1, 'free', 241, 0, 0, 0, 1, NULL, 2),
(242, 1, 'free', 242, 0, 0, 0, 1, NULL, 2),
(243, 1, 'free', 243, 0, 0, 0, 1, NULL, 2),
(244, 1, 'free', 244, 0, 0, 0, 1, NULL, 2),
(245, 1, 'free', 245, 0, 0, 0, 1, NULL, 2),
(246, 1, 'free', 246, 0, 0, 0, 1, NULL, 2),
(247, 1, 'free', 247, 0, 0, 0, 1, NULL, 2),
(248, 1, 'free', 248, 0, 0, 0, 1, NULL, 2),
(249, 1, 'free', 249, 0, 0, 0, 1, NULL, 2),
(250, 1, 'free', 250, 0, 0, 0, 1, NULL, 2),
(251, 1, 'free', 251, 0, 0, 0, 1, NULL, 2),
(252, 1, 'free', 252, 0, 0, 0, 1, NULL, 2),
(253, 2, 'free', 253, 0, 0, 0, 1, NULL, 2),
(254, 2, 'free', 254, 0, 0, 0, 1, NULL, 2),
(255, 2, 'free', 255, 0, 0, 0, 1, NULL, 2),
(256, 2, 'free', 256, 0, 0, 0, 1, NULL, 2),
(257, 2, 'free', 257, 0, 0, 0, 1, NULL, 2),
(258, 2, 'free', 258, 0, 0, 0, 1, NULL, 2),
(259, 2, 'free', 259, 0, 0, 0, 1, NULL, 2),
(260, 2, 'free', 260, 0, 0, 0, 1, NULL, 2),
(261, 2, 'free', 261, 0, 0, 0, 1, NULL, 2),
(262, 2, 'free', 262, 0, 0, 0, 1, NULL, 2),
(263, 2, 'free', 263, 0, 0, 0, 1, NULL, 2),
(264, 2, 'free', 264, 0, 0, 0, 1, NULL, 2),
(265, 3, 'free', 265, 0, 0, 0, 1, NULL, 2),
(266, 3, 'free', 266, 0, 0, 0, 1, NULL, 2),
(267, 3, 'free', 267, 0, 0, 0, 1, NULL, 2),
(268, 3, 'free', 268, 0, 0, 0, 1, NULL, 2),
(269, 3, 'free', 269, 0, 0, 0, 1, NULL, 2),
(270, 3, 'free', 270, 0, 0, 0, 1, NULL, 2),
(271, 3, 'free', 271, 0, 0, 0, 1, NULL, 2),
(272, 3, 'free', 272, 0, 0, 0, 1, NULL, 2),
(273, 3, 'free', 273, 0, 0, 0, 1, NULL, 2),
(274, 3, 'free', 274, 0, 0, 0, 1, NULL, 2),
(275, 3, 'free', 275, 0, 0, 0, 1, NULL, 2),
(276, 3, 'free', 276, 0, 0, 0, 1, NULL, 2),
(277, 4, 'free', 277, 0, 0, 0, 1, NULL, 2),
(278, 4, 'free', 278, 0, 0, 0, 1, NULL, 2),
(279, 4, 'free', 279, 0, 0, 0, 1, NULL, 2),
(280, 4, 'free', 280, 0, 0, 0, 1, NULL, 2),
(281, 4, 'free', 281, 0, 0, 0, 1, NULL, 2),
(282, 4, 'free', 282, 0, 0, 0, 1, NULL, 2),
(283, 4, 'free', 283, 0, 0, 0, 1, NULL, 2),
(284, 4, 'free', 284, 0, 0, 0, 1, NULL, 2),
(285, 4, 'free', 285, 0, 0, 0, 1, NULL, 2),
(286, 4, 'free', 286, 0, 0, 0, 1, NULL, 2),
(287, 4, 'free', 287, 0, 0, 0, 1, NULL, 2),
(288, 4, 'free', 288, 0, 0, 0, 1, NULL, 2),
(289, 5, 'free', 289, 0, 0, 0, 1, NULL, 2),
(290, 5, 'free', 290, 0, 0, 0, 1, NULL, 2),
(291, 5, 'free', 291, 0, 0, 0, 1, NULL, 2),
(292, 5, 'free', 292, 0, 0, 0, 1, NULL, 2),
(293, 5, 'free', 293, 0, 0, 0, 1, NULL, 2),
(294, 5, 'free', 294, 0, 0, 0, 1, NULL, 2),
(295, 5, 'free', 295, 0, 0, 0, 1, NULL, 2),
(296, 5, 'free', 296, 0, 0, 0, 1, NULL, 2),
(297, 5, 'free', 297, 0, 0, 0, 1, NULL, 2),
(298, 5, 'free', 298, 0, 0, 0, 1, NULL, 2),
(299, 5, 'free', 299, 0, 0, 0, 1, NULL, 2),
(300, 5, 'free', 300, 0, 0, 0, 1, NULL, 2),
(301, 6, 'free', 301, 0, 0, 0, 1, NULL, 2),
(302, 6, 'free', 302, 0, 0, 0, 1, NULL, 2),
(303, 6, 'free', 303, 0, 0, 0, 1, NULL, 2),
(304, 6, 'free', 304, 0, 0, 0, 1, NULL, 2),
(305, 6, 'free', 305, 0, 0, 0, 1, NULL, 2),
(306, 6, 'free', 306, 0, 0, 0, 1, NULL, 2),
(307, 6, 'free', 307, 0, 0, 0, 1, NULL, 2),
(308, 6, 'free', 308, 0, 0, 0, 1, NULL, 2),
(309, 6, 'free', 309, 0, 0, 0, 1, NULL, 2),
(310, 6, 'free', 310, 0, 0, 0, 1, NULL, 2),
(311, 6, 'free', 311, 0, 0, 0, 1, NULL, 2),
(312, 6, 'free', 312, 0, 0, 0, 1, NULL, 2),
(313, 7, 'free', 313, 0, 0, 0, 1, NULL, 2),
(314, 7, 'free', 314, 0, 0, 0, 1, NULL, 2),
(315, 7, 'free', 315, 0, 0, 0, 1, NULL, 2),
(316, 7, 'free', 316, 0, 0, 0, 1, NULL, 2),
(317, 7, 'free', 317, 0, 0, 0, 1, NULL, 2),
(318, 7, 'free', 318, 0, 0, 0, 1, NULL, 2),
(319, 7, 'free', 319, 0, 0, 0, 1, NULL, 2),
(320, 7, 'free', 320, 0, 0, 0, 1, NULL, 2),
(321, 7, 'free', 321, 0, 0, 0, 1, NULL, 2),
(322, 7, 'free', 322, 0, 0, 0, 1, NULL, 2),
(323, 7, 'free', 323, 0, 0, 0, 1, NULL, 2),
(324, 7, 'free', 324, 0, 0, 0, 1, NULL, 2),
(325, 8, 'free', 325, 0, 0, 0, 1, NULL, 2),
(326, 8, 'free', 326, 0, 0, 0, 1, NULL, 2),
(327, 8, 'free', 327, 0, 0, 0, 1, NULL, 2),
(328, 8, 'free', 328, 0, 0, 0, 1, NULL, 2),
(329, 8, 'free', 329, 0, 0, 0, 1, NULL, 2),
(330, 8, 'free', 330, 0, 0, 0, 1, NULL, 2),
(331, 8, 'free', 331, 0, 0, 0, 1, NULL, 2),
(332, 8, 'free', 332, 0, 0, 0, 1, NULL, 2),
(333, 8, 'free', 333, 0, 0, 0, 1, NULL, 2),
(334, 8, 'free', 334, 0, 0, 0, 1, NULL, 2),
(335, 8, 'free', 335, 0, 0, 0, 1, NULL, 2),
(336, 8, 'free', 336, 0, 0, 0, 1, NULL, 2),
(337, 9, 'free', 337, 0, 0, 0, 1, NULL, 2),
(338, 9, 'free', 338, 0, 0, 0, 1, NULL, 2),
(339, 9, 'free', 339, 0, 0, 0, 1, NULL, 2),
(340, 9, 'free', 340, 0, 0, 0, 1, NULL, 2),
(341, 9, 'free', 341, 0, 0, 0, 1, NULL, 2),
(342, 9, 'free', 342, 0, 0, 0, 1, NULL, 2),
(343, 9, 'free', 343, 0, 0, 0, 1, NULL, 2),
(344, 9, 'free', 344, 0, 0, 0, 1, NULL, 2),
(345, 9, 'free', 345, 0, 0, 0, 1, NULL, 2),
(346, 9, 'free', 346, 0, 0, 0, 1, NULL, 2),
(347, 9, 'free', 347, 0, 0, 0, 1, NULL, 2),
(348, 9, 'free', 348, 0, 0, 0, 1, NULL, 2),
(349, 10, 'free', 349, 0, 0, 0, 1, NULL, 2),
(350, 10, 'free', 350, 0, 0, 0, 1, NULL, 2),
(351, 10, 'free', 351, 0, 0, 0, 1, NULL, 2),
(352, 10, 'free', 352, 0, 0, 0, 1, NULL, 2),
(353, 10, 'free', 353, 0, 0, 0, 1, NULL, 2),
(354, 10, 'free', 354, 0, 0, 0, 1, NULL, 2),
(355, 10, 'free', 355, 0, 0, 0, 1, NULL, 2),
(356, 10, 'free', 356, 0, 0, 0, 1, NULL, 2),
(357, 10, 'free', 357, 0, 0, 0, 1, NULL, 2),
(358, 10, 'free', 358, 0, 0, 0, 1, NULL, 2),
(359, 10, 'free', 359, 0, 0, 0, 1, NULL, 2),
(360, 10, 'free', 360, 0, 0, 0, 1, NULL, 2),
(361, 11, 'free', 361, 0, 0, 0, 1, NULL, 2),
(362, 11, 'free', 362, 0, 0, 0, 1, NULL, 2),
(363, 11, 'free', 363, 0, 0, 0, 1, NULL, 2),
(364, 11, 'free', 364, 0, 0, 0, 1, NULL, 2),
(365, 11, 'free', 365, 0, 0, 0, 1, NULL, 2),
(366, 11, 'free', 366, 0, 0, 0, 1, NULL, 2),
(367, 11, 'free', 367, 0, 0, 0, 1, NULL, 2),
(368, 11, 'free', 368, 0, 0, 0, 1, NULL, 2),
(369, 11, 'free', 369, 0, 0, 0, 1, NULL, 2),
(370, 11, 'free', 370, 0, 0, 0, 1, NULL, 2),
(371, 11, 'free', 371, 0, 0, 0, 1, NULL, 2),
(372, 11, 'free', 372, 0, 0, 0, 1, NULL, 2),
(373, 12, 'free', 373, 0, 0, 0, 1, NULL, 2),
(374, 12, 'free', 374, 0, 0, 0, 1, NULL, 2),
(375, 12, 'free', 375, 0, 0, 0, 1, NULL, 2),
(376, 12, 'free', 376, 0, 0, 0, 1, NULL, 2),
(377, 12, 'free', 377, 0, 0, 0, 1, NULL, 2),
(378, 12, 'free', 378, 0, 0, 0, 1, NULL, 2),
(379, 12, 'free', 379, 0, 0, 0, 1, NULL, 2),
(380, 12, 'free', 380, 0, 0, 0, 1, NULL, 2),
(381, 12, 'free', 381, 0, 0, 0, 1, NULL, 2),
(382, 12, 'free', 382, 0, 0, 0, 1, NULL, 2),
(383, 12, 'free', 383, 0, 0, 0, 1, NULL, 2),
(384, 12, 'free', 384, 0, 0, 0, 1, NULL, 2),
(385, 13, 'free', 385, 0, 0, 0, 1, NULL, 2),
(386, 13, 'free', 386, 0, 0, 0, 1, NULL, 2),
(387, 13, 'free', 387, 0, 0, 0, 1, NULL, 2),
(388, 13, 'free', 388, 0, 0, 0, 1, NULL, 2),
(389, 13, 'free', 389, 0, 0, 0, 1, NULL, 2),
(390, 13, 'free', 390, 0, 0, 0, 1, NULL, 2),
(391, 13, 'free', 391, 0, 0, 0, 1, NULL, 2),
(392, 13, 'free', 392, 0, 0, 0, 1, NULL, 2),
(393, 13, 'free', 393, 0, 0, 0, 1, NULL, 2),
(394, 13, 'free', 394, 0, 0, 0, 1, NULL, 2),
(395, 13, 'free', 395, 0, 0, 0, 1, NULL, 2),
(396, 13, 'free', 396, 0, 0, 0, 1, NULL, 2),
(397, 14, 'free', 397, 0, 0, 0, 1, NULL, 2),
(398, 14, 'free', 398, 0, 0, 0, 1, NULL, 2),
(399, 14, 'free', 399, 0, 0, 0, 1, NULL, 2),
(400, 14, 'free', 400, 0, 0, 0, 1, NULL, 2),
(401, 14, 'free', 401, 0, 0, 0, 1, NULL, 2),
(402, 14, 'free', 402, 0, 0, 0, 1, NULL, 2),
(403, 14, 'free', 403, 0, 0, 0, 1, NULL, 2),
(404, 14, 'free', 404, 0, 0, 0, 1, NULL, 2),
(405, 14, 'free', 405, 0, 0, 0, 1, NULL, 2),
(406, 14, 'free', 406, 0, 0, 0, 1, NULL, 2),
(407, 14, 'free', 407, 0, 0, 0, 1, NULL, 2),
(408, 14, 'free', 408, 0, 0, 0, 1, NULL, 2),
(409, 15, 'free', 409, 0, 0, 0, 1, NULL, 2),
(410, 15, 'free', 410, 0, 0, 0, 1, NULL, 2),
(411, 15, 'free', 411, 0, 0, 0, 1, NULL, 2),
(412, 15, 'free', 412, 0, 0, 0, 1, NULL, 2),
(413, 15, 'free', 413, 0, 0, 0, 1, NULL, 2),
(414, 15, 'free', 414, 0, 0, 0, 1, NULL, 2),
(415, 15, 'free', 415, 0, 0, 0, 1, NULL, 2),
(416, 15, 'free', 416, 0, 0, 0, 1, NULL, 2),
(417, 15, 'free', 417, 0, 0, 0, 1, NULL, 2),
(418, 15, 'free', 418, 0, 0, 0, 1, NULL, 2),
(419, 15, 'free', 419, 0, 0, 0, 1, NULL, 2),
(420, 15, 'free', 420, 0, 0, 0, 1, NULL, 2),
(421, 16, 'free', 421, 0, 0, 0, 1, NULL, 2),
(422, 16, 'free', 422, 0, 0, 0, 1, NULL, 2),
(423, 16, 'free', 423, 0, 0, 0, 1, NULL, 2),
(424, 16, 'free', 424, 0, 0, 0, 1, NULL, 2),
(425, 16, 'free', 425, 0, 0, 0, 1, NULL, 2),
(426, 16, 'free', 426, 0, 0, 0, 1, NULL, 2),
(427, 16, 'free', 427, 0, 0, 0, 1, NULL, 2),
(428, 16, 'free', 428, 0, 0, 0, 1, NULL, 2),
(429, 16, 'free', 429, 0, 0, 0, 1, NULL, 2),
(430, 16, 'free', 430, 0, 0, 0, 1, NULL, 2),
(431, 16, 'free', 431, 0, 0, 0, 1, NULL, 2),
(432, 16, 'free', 432, 0, 0, 0, 1, NULL, 2),
(433, 17, 'free', 433, 0, 0, 0, 1, NULL, 2),
(434, 17, 'free', 434, 0, 0, 0, 1, NULL, 2),
(435, 17, 'free', 435, 0, 0, 0, 1, NULL, 2),
(436, 17, 'free', 436, 0, 0, 0, 1, NULL, 2),
(437, 17, 'free', 437, 0, 0, 0, 1, NULL, 2),
(438, 17, 'free', 438, 0, 0, 0, 1, NULL, 2),
(439, 17, 'free', 439, 0, 0, 0, 1, NULL, 2),
(440, 17, 'free', 440, 0, 0, 0, 1, NULL, 2),
(441, 17, 'free', 441, 0, 0, 0, 1, NULL, 2),
(442, 17, 'free', 442, 0, 0, 0, 1, NULL, 2),
(443, 17, 'free', 443, 0, 0, 0, 1, NULL, 2),
(444, 17, 'free', 444, 0, 0, 0, 1, NULL, 2),
(445, 18, 'free', 445, 0, 0, 0, 1, NULL, 2),
(446, 18, 'free', 446, 0, 0, 0, 1, NULL, 2),
(447, 18, 'free', 447, 0, 0, 0, 1, NULL, 2),
(448, 18, 'free', 448, 0, 0, 0, 1, NULL, 2),
(449, 18, 'free', 449, 0, 0, 0, 1, NULL, 2),
(450, 18, 'free', 450, 0, 0, 0, 1, NULL, 2),
(451, 18, 'free', 451, 0, 0, 0, 1, NULL, 2),
(452, 18, 'free', 452, 0, 0, 0, 1, NULL, 2),
(453, 18, 'free', 453, 0, 0, 0, 1, NULL, 2),
(454, 18, 'free', 454, 0, 0, 0, 1, NULL, 2),
(455, 18, 'free', 455, 0, 0, 0, 1, NULL, 2),
(456, 18, 'free', 456, 0, 0, 0, 1, NULL, 2),
(457, 19, 'free', 457, 0, 0, 0, 1, NULL, 2),
(458, 19, 'free', 458, 0, 0, 0, 1, NULL, 2),
(459, 19, 'free', 459, 0, 0, 0, 1, NULL, 2),
(460, 19, 'free', 460, 0, 0, 0, 1, NULL, 2),
(461, 19, 'free', 461, 0, 0, 0, 1, NULL, 2),
(462, 19, 'free', 462, 0, 0, 0, 1, NULL, 2),
(463, 19, 'free', 463, 0, 0, 0, 1, NULL, 2),
(464, 19, 'free', 464, 0, 0, 0, 1, NULL, 2),
(465, 19, 'free', 465, 0, 0, 0, 1, NULL, 2),
(466, 19, 'free', 466, 0, 0, 0, 1, NULL, 2),
(467, 19, 'free', 467, 0, 0, 0, 1, NULL, 2),
(468, 19, 'free', 468, 0, 0, 0, 1, NULL, 2),
(469, 20, 'free', 469, 0, 0, 0, 1, NULL, 2),
(470, 20, 'free', 470, 0, 0, 0, 1, NULL, 2),
(471, 20, 'free', 471, 0, 0, 0, 1, NULL, 2),
(472, 20, 'free', 472, 0, 0, 0, 1, NULL, 2),
(473, 20, 'free', 473, 0, 0, 0, 1, NULL, 2),
(474, 20, 'free', 474, 0, 0, 0, 1, NULL, 2),
(475, 20, 'free', 475, 0, 0, 0, 1, NULL, 2),
(476, 20, 'free', 476, 0, 0, 0, 1, NULL, 2),
(477, 20, 'free', 477, 0, 0, 0, 1, NULL, 2),
(478, 20, 'free', 478, 0, 0, 0, 1, NULL, 2),
(479, 20, 'free', 479, 0, 0, 0, 1, NULL, 2),
(480, 20, 'free', 480, 0, 0, 0, 1, NULL, 2),
(481, 1, 'free', 241, 0, 0, 0, 2, NULL, 3),
(482, 1, 'free', 242, 0, 0, 0, 2, NULL, 3),
(483, 1, 'free', 243, 0, 0, 0, 2, NULL, 3),
(484, 1, 'free', 244, 0, 0, 0, 2, NULL, 3),
(485, 1, 'free', 245, 0, 0, 0, 2, NULL, 3),
(486, 1, 'free', 246, 0, 0, 0, 2, NULL, 3),
(487, 1, 'free', 247, 0, 0, 0, 2, NULL, 3),
(488, 1, 'free', 248, 0, 0, 0, 2, NULL, 3),
(489, 1, 'free', 249, 0, 0, 0, 2, NULL, 3),
(490, 1, 'free', 250, 0, 0, 0, 2, NULL, 3),
(491, 1, 'free', 251, 0, 0, 0, 2, NULL, 3),
(492, 1, 'free', 252, 0, 0, 0, 2, NULL, 3),
(493, 2, 'free', 253, 0, 0, 0, 2, NULL, 3),
(494, 2, 'free', 254, 0, 0, 0, 2, NULL, 3),
(495, 2, 'free', 255, 0, 0, 0, 2, NULL, 3),
(496, 2, 'free', 256, 0, 0, 0, 2, NULL, 3),
(497, 2, 'free', 257, 0, 0, 0, 2, NULL, 3),
(498, 2, 'free', 258, 0, 0, 0, 2, NULL, 3),
(499, 2, 'free', 259, 0, 0, 0, 2, NULL, 3),
(500, 2, 'free', 260, 0, 0, 0, 2, NULL, 3),
(501, 2, 'free', 261, 0, 0, 0, 2, NULL, 3),
(502, 2, 'free', 262, 0, 0, 0, 2, NULL, 3),
(503, 2, 'free', 263, 0, 0, 0, 2, NULL, 3),
(504, 2, 'free', 264, 0, 0, 0, 2, NULL, 3),
(505, 3, 'free', 265, 0, 0, 0, 2, NULL, 3),
(506, 3, 'free', 266, 0, 0, 0, 2, NULL, 3),
(507, 3, 'free', 267, 0, 0, 0, 2, NULL, 3),
(508, 3, 'free', 268, 0, 0, 0, 2, NULL, 3),
(509, 3, 'free', 269, 0, 0, 0, 2, NULL, 3),
(510, 3, 'free', 270, 0, 0, 0, 2, NULL, 3),
(511, 3, 'free', 271, 0, 0, 0, 2, NULL, 3),
(512, 3, 'free', 272, 0, 0, 0, 2, NULL, 3),
(513, 3, 'free', 273, 0, 0, 0, 2, NULL, 3),
(514, 3, 'free', 274, 0, 0, 0, 2, NULL, 3),
(515, 3, 'free', 275, 0, 0, 0, 2, NULL, 3),
(516, 3, 'free', 276, 0, 0, 0, 2, NULL, 3),
(517, 4, 'free', 277, 0, 0, 0, 2, NULL, 3),
(518, 4, 'free', 278, 0, 0, 0, 2, NULL, 3),
(519, 4, 'free', 279, 0, 0, 0, 2, NULL, 3),
(520, 4, 'free', 280, 0, 0, 0, 2, NULL, 3),
(521, 4, 'free', 281, 0, 0, 0, 2, NULL, 3),
(522, 4, 'free', 282, 0, 0, 0, 2, NULL, 3),
(523, 4, 'free', 283, 0, 0, 0, 2, NULL, 3),
(524, 4, 'free', 284, 0, 0, 0, 2, NULL, 3),
(525, 4, 'free', 285, 0, 0, 0, 2, NULL, 3),
(526, 4, 'free', 286, 0, 0, 0, 2, NULL, 3),
(527, 4, 'free', 287, 0, 0, 0, 2, NULL, 3),
(528, 4, 'free', 288, 0, 0, 0, 2, NULL, 3),
(529, 5, 'free', 289, 0, 0, 0, 2, NULL, 3),
(530, 5, 'free', 290, 0, 0, 0, 2, NULL, 3),
(531, 5, 'free', 291, 0, 0, 0, 2, NULL, 3),
(532, 5, 'free', 292, 0, 0, 0, 2, NULL, 3),
(533, 5, 'free', 293, 0, 0, 0, 2, NULL, 3),
(534, 5, 'free', 294, 0, 0, 0, 2, NULL, 3),
(535, 5, 'free', 295, 0, 0, 0, 2, NULL, 3),
(536, 5, 'free', 296, 0, 0, 0, 2, NULL, 3),
(537, 5, 'free', 297, 0, 0, 0, 2, NULL, 3),
(538, 5, 'free', 298, 0, 0, 0, 2, NULL, 3),
(539, 5, 'free', 299, 0, 0, 0, 2, NULL, 3),
(540, 5, 'free', 300, 0, 0, 0, 2, NULL, 3),
(541, 6, 'free', 301, 0, 0, 0, 2, NULL, 3),
(542, 6, 'free', 302, 0, 0, 0, 2, NULL, 3),
(543, 6, 'free', 303, 0, 0, 0, 2, NULL, 3),
(544, 6, 'free', 304, 0, 0, 0, 2, NULL, 3),
(545, 6, 'free', 305, 0, 0, 0, 2, NULL, 3),
(546, 6, 'free', 306, 0, 0, 0, 2, NULL, 3),
(547, 6, 'free', 307, 0, 0, 0, 2, NULL, 3),
(548, 6, 'free', 308, 0, 0, 0, 2, NULL, 3),
(549, 6, 'free', 309, 0, 0, 0, 2, NULL, 3),
(550, 6, 'free', 310, 0, 0, 0, 2, NULL, 3),
(551, 6, 'free', 311, 0, 0, 0, 2, NULL, 3),
(552, 6, 'free', 312, 0, 0, 0, 2, NULL, 3),
(553, 7, 'free', 313, 0, 0, 0, 2, NULL, 3),
(554, 7, 'free', 314, 0, 0, 0, 2, NULL, 3),
(555, 7, 'free', 315, 0, 0, 0, 2, NULL, 3),
(556, 7, 'free', 316, 0, 0, 0, 2, NULL, 3),
(557, 7, 'free', 317, 0, 0, 0, 2, NULL, 3),
(558, 7, 'free', 318, 0, 0, 0, 2, NULL, 3),
(559, 7, 'free', 319, 0, 0, 0, 2, NULL, 3),
(560, 7, 'free', 320, 0, 0, 0, 2, NULL, 3),
(561, 7, 'free', 321, 0, 0, 0, 2, NULL, 3),
(562, 7, 'free', 322, 0, 0, 0, 2, NULL, 3),
(563, 7, 'free', 323, 0, 0, 0, 2, NULL, 3),
(564, 7, 'free', 324, 0, 0, 0, 2, NULL, 3),
(565, 8, 'free', 325, 0, 0, 0, 2, NULL, 3),
(566, 8, 'free', 326, 0, 0, 0, 2, NULL, 3),
(567, 8, 'free', 327, 0, 0, 0, 2, NULL, 3),
(568, 8, 'free', 328, 0, 0, 0, 2, NULL, 3),
(569, 8, 'free', 329, 0, 0, 0, 2, NULL, 3),
(570, 8, 'free', 330, 0, 0, 0, 2, NULL, 3),
(571, 8, 'free', 331, 0, 0, 0, 2, NULL, 3),
(572, 8, 'free', 332, 0, 0, 0, 2, NULL, 3),
(573, 8, 'free', 333, 0, 0, 0, 2, NULL, 3),
(574, 8, 'free', 334, 0, 0, 0, 2, NULL, 3),
(575, 8, 'free', 335, 0, 0, 0, 2, NULL, 3),
(576, 8, 'free', 336, 0, 0, 0, 2, NULL, 3),
(577, 9, 'free', 337, 0, 0, 0, 2, NULL, 3),
(578, 9, 'free', 338, 0, 0, 0, 2, NULL, 3),
(579, 9, 'free', 339, 0, 0, 0, 2, NULL, 3),
(580, 9, 'free', 340, 0, 0, 0, 2, NULL, 3),
(581, 9, 'free', 341, 0, 0, 0, 2, NULL, 3),
(582, 9, 'free', 342, 0, 0, 0, 2, NULL, 3),
(583, 9, 'free', 343, 0, 0, 0, 2, NULL, 3),
(584, 9, 'free', 344, 0, 0, 0, 2, NULL, 3),
(585, 9, 'free', 345, 0, 0, 0, 2, NULL, 3),
(586, 9, 'free', 346, 0, 0, 0, 2, NULL, 3),
(587, 9, 'free', 347, 0, 0, 0, 2, NULL, 3),
(588, 9, 'free', 348, 0, 0, 0, 2, NULL, 3),
(589, 10, 'free', 349, 0, 0, 0, 2, NULL, 3),
(590, 10, 'free', 350, 0, 0, 0, 2, NULL, 3),
(591, 10, 'free', 351, 0, 0, 0, 2, NULL, 3),
(592, 10, 'free', 352, 0, 0, 0, 2, NULL, 3),
(593, 10, 'free', 353, 0, 0, 0, 2, NULL, 3),
(594, 10, 'free', 354, 0, 0, 0, 2, NULL, 3),
(595, 10, 'free', 355, 0, 0, 0, 2, NULL, 3),
(596, 10, 'free', 356, 0, 0, 0, 2, NULL, 3),
(597, 10, 'free', 357, 0, 0, 0, 2, NULL, 3),
(598, 10, 'free', 358, 0, 0, 0, 2, NULL, 3),
(599, 10, 'free', 359, 0, 0, 0, 2, NULL, 3),
(600, 10, 'free', 360, 0, 0, 0, 2, NULL, 3),
(601, 11, 'free', 361, 0, 0, 0, 2, NULL, 3),
(602, 11, 'free', 362, 0, 0, 0, 2, NULL, 3),
(603, 11, 'free', 363, 0, 0, 0, 2, NULL, 3),
(604, 11, 'free', 364, 0, 0, 0, 2, NULL, 3),
(605, 11, 'free', 365, 0, 0, 0, 2, NULL, 3),
(606, 11, 'free', 366, 0, 0, 0, 2, NULL, 3),
(607, 11, 'free', 367, 0, 0, 0, 2, NULL, 3),
(608, 11, 'free', 368, 0, 0, 0, 2, NULL, 3),
(609, 11, 'free', 369, 0, 0, 0, 2, NULL, 3),
(610, 11, 'free', 370, 0, 0, 0, 2, NULL, 3),
(611, 11, 'free', 371, 0, 0, 0, 2, NULL, 3),
(612, 11, 'free', 372, 0, 0, 0, 2, NULL, 3),
(613, 12, 'free', 373, 0, 0, 0, 2, NULL, 3),
(614, 12, 'free', 374, 0, 0, 0, 2, NULL, 3),
(615, 12, 'free', 375, 0, 0, 0, 2, NULL, 3),
(616, 12, 'free', 376, 0, 0, 0, 2, NULL, 3),
(617, 12, 'free', 377, 0, 0, 0, 2, NULL, 3),
(618, 12, 'free', 378, 0, 0, 0, 2, NULL, 3),
(619, 12, 'free', 379, 0, 0, 0, 2, NULL, 3),
(620, 12, 'free', 380, 0, 0, 0, 2, NULL, 3),
(621, 12, 'free', 381, 0, 0, 0, 2, NULL, 3),
(622, 12, 'free', 382, 0, 0, 0, 2, NULL, 3),
(623, 12, 'free', 383, 0, 0, 0, 2, NULL, 3),
(624, 12, 'free', 384, 0, 0, 0, 2, NULL, 3),
(625, 13, 'free', 385, 0, 0, 0, 2, NULL, 3),
(626, 13, 'free', 386, 0, 0, 0, 2, NULL, 3),
(627, 13, 'free', 387, 0, 0, 0, 2, NULL, 3),
(628, 13, 'free', 388, 0, 0, 0, 2, NULL, 3),
(629, 13, 'free', 389, 0, 0, 0, 2, NULL, 3),
(630, 13, 'free', 390, 0, 0, 0, 2, NULL, 3),
(631, 13, 'free', 391, 0, 0, 0, 2, NULL, 3),
(632, 13, 'free', 392, 0, 0, 0, 2, NULL, 3),
(633, 13, 'free', 393, 0, 0, 0, 2, NULL, 3),
(634, 13, 'free', 394, 0, 0, 0, 2, NULL, 3),
(635, 13, 'free', 395, 0, 0, 0, 2, NULL, 3),
(636, 13, 'free', 396, 0, 0, 0, 2, NULL, 3),
(637, 14, 'free', 397, 0, 0, 0, 2, NULL, 3),
(638, 14, 'free', 398, 0, 0, 0, 2, NULL, 3),
(639, 14, 'free', 399, 0, 0, 0, 2, NULL, 3),
(640, 14, 'free', 400, 0, 0, 0, 2, NULL, 3),
(641, 14, 'free', 401, 0, 0, 0, 2, NULL, 3),
(642, 14, 'free', 402, 0, 0, 0, 2, NULL, 3),
(643, 14, 'free', 403, 0, 0, 0, 2, NULL, 3),
(644, 14, 'free', 404, 0, 0, 0, 2, NULL, 3),
(645, 14, 'free', 405, 0, 0, 0, 2, NULL, 3),
(646, 14, 'free', 406, 0, 0, 0, 2, NULL, 3),
(647, 14, 'free', 407, 0, 0, 0, 2, NULL, 3),
(648, 14, 'free', 408, 0, 0, 0, 2, NULL, 3),
(649, 15, 'free', 409, 0, 0, 0, 2, NULL, 3),
(650, 15, 'free', 410, 0, 0, 0, 2, NULL, 3),
(651, 15, 'free', 411, 0, 0, 0, 2, NULL, 3),
(652, 15, 'free', 412, 0, 0, 0, 2, NULL, 3),
(653, 15, 'free', 413, 0, 0, 0, 2, NULL, 3),
(654, 15, 'free', 414, 0, 0, 0, 2, NULL, 3),
(655, 15, 'free', 415, 0, 0, 0, 2, NULL, 3),
(656, 15, 'free', 416, 0, 0, 0, 2, NULL, 3),
(657, 15, 'free', 417, 0, 0, 0, 2, NULL, 3),
(658, 15, 'free', 418, 0, 0, 0, 2, NULL, 3),
(659, 15, 'free', 419, 0, 0, 0, 2, NULL, 3),
(660, 15, 'free', 420, 0, 0, 0, 2, NULL, 3),
(661, 16, 'free', 421, 0, 0, 0, 2, NULL, 3),
(662, 16, 'free', 422, 0, 0, 0, 2, NULL, 3),
(663, 16, 'free', 423, 0, 0, 0, 2, NULL, 3),
(664, 16, 'free', 424, 0, 0, 0, 2, NULL, 3),
(665, 16, 'free', 425, 0, 0, 0, 2, NULL, 3),
(666, 16, 'free', 426, 0, 0, 0, 2, NULL, 3),
(667, 16, 'free', 427, 0, 0, 0, 2, NULL, 3),
(668, 16, 'free', 428, 0, 0, 0, 2, NULL, 3),
(669, 16, 'free', 429, 0, 0, 0, 2, NULL, 3),
(670, 16, 'free', 430, 0, 0, 0, 2, NULL, 3),
(671, 16, 'free', 431, 0, 0, 0, 2, NULL, 3),
(672, 16, 'free', 432, 0, 0, 0, 2, NULL, 3),
(673, 17, 'free', 433, 0, 0, 0, 2, NULL, 3),
(674, 17, 'free', 434, 0, 0, 0, 2, NULL, 3),
(675, 17, 'free', 435, 0, 0, 0, 2, NULL, 3),
(676, 17, 'free', 436, 0, 0, 0, 2, NULL, 3),
(677, 17, 'free', 437, 0, 0, 0, 2, NULL, 3),
(678, 17, 'free', 438, 0, 0, 0, 2, NULL, 3),
(679, 17, 'free', 439, 0, 0, 0, 2, NULL, 3),
(680, 17, 'free', 440, 0, 0, 0, 2, NULL, 3),
(681, 17, 'free', 441, 0, 0, 0, 2, NULL, 3),
(682, 17, 'free', 442, 0, 0, 0, 2, NULL, 3),
(683, 17, 'free', 443, 0, 0, 0, 2, NULL, 3),
(684, 17, 'free', 444, 0, 0, 0, 2, NULL, 3),
(685, 18, 'free', 445, 0, 0, 0, 2, NULL, 3),
(686, 18, 'free', 446, 0, 0, 0, 2, NULL, 3),
(687, 18, 'free', 447, 0, 0, 0, 2, NULL, 3),
(688, 18, 'free', 448, 0, 0, 0, 2, NULL, 3),
(689, 18, 'free', 449, 0, 0, 0, 2, NULL, 3),
(690, 18, 'free', 450, 0, 0, 0, 2, NULL, 3),
(691, 18, 'free', 451, 0, 0, 0, 2, NULL, 3),
(692, 18, 'free', 452, 0, 0, 0, 2, NULL, 3),
(693, 18, 'free', 453, 0, 0, 0, 2, NULL, 3),
(694, 18, 'free', 454, 0, 0, 0, 2, NULL, 3),
(695, 18, 'free', 455, 0, 0, 0, 2, NULL, 3),
(696, 18, 'free', 456, 0, 0, 0, 2, NULL, 3),
(697, 19, 'free', 457, 0, 0, 0, 2, NULL, 3),
(698, 19, 'free', 458, 0, 0, 0, 2, NULL, 3),
(699, 19, 'free', 459, 0, 0, 0, 2, NULL, 3),
(700, 19, 'free', 460, 0, 0, 0, 2, NULL, 3),
(701, 19, 'free', 461, 0, 0, 0, 2, NULL, 3),
(702, 19, 'free', 462, 0, 0, 0, 2, NULL, 3),
(703, 19, 'free', 463, 0, 0, 0, 2, NULL, 3),
(704, 19, 'free', 464, 0, 0, 0, 2, NULL, 3),
(705, 19, 'free', 465, 0, 0, 0, 2, NULL, 3),
(706, 19, 'free', 466, 0, 0, 0, 2, NULL, 3),
(707, 19, 'free', 467, 0, 0, 0, 2, NULL, 3),
(708, 19, 'free', 468, 0, 0, 0, 2, NULL, 3),
(709, 20, 'free', 469, 0, 0, 0, 2, NULL, 3),
(710, 20, 'free', 470, 0, 0, 0, 2, NULL, 3),
(711, 20, 'free', 471, 0, 0, 0, 2, NULL, 3),
(712, 20, 'free', 472, 0, 0, 0, 2, NULL, 3),
(713, 20, 'free', 473, 0, 0, 0, 2, NULL, 3),
(714, 20, 'free', 474, 0, 0, 0, 2, NULL, 3),
(715, 20, 'free', 475, 0, 0, 0, 2, NULL, 3),
(716, 20, 'free', 476, 0, 0, 0, 2, NULL, 3),
(717, 20, 'free', 477, 0, 0, 0, 2, NULL, 3),
(718, 20, 'free', 478, 0, 0, 0, 2, NULL, 3),
(719, 20, 'free', 479, 0, 0, 0, 2, NULL, 3),
(720, 20, 'free', 480, 0, 0, 0, 2, NULL, 3),
(721, 1, 'free', 241, 0, 0, 0, 2, NULL, 4),
(722, 1, 'free', 242, 0, 0, 0, 2, NULL, 4),
(723, 1, 'free', 243, 0, 0, 0, 2, NULL, 4),
(724, 1, 'free', 244, 0, 0, 0, 2, NULL, 4),
(725, 1, 'free', 245, 0, 0, 0, 2, NULL, 4),
(726, 1, 'free', 246, 0, 0, 0, 2, NULL, 4),
(727, 1, 'free', 247, 0, 0, 0, 2, NULL, 4),
(728, 1, 'free', 248, 0, 0, 0, 2, NULL, 4),
(729, 1, 'free', 249, 0, 0, 0, 2, NULL, 4),
(730, 1, 'free', 250, 0, 0, 0, 2, NULL, 4),
(731, 1, 'free', 251, 0, 0, 0, 2, NULL, 4),
(732, 1, 'free', 252, 0, 0, 0, 2, NULL, 4),
(733, 2, 'free', 253, 0, 0, 0, 2, NULL, 4),
(734, 2, 'free', 254, 0, 0, 0, 2, NULL, 4),
(735, 2, 'free', 255, 0, 0, 0, 2, NULL, 4),
(736, 2, 'free', 256, 0, 0, 0, 2, NULL, 4),
(737, 2, 'free', 257, 0, 0, 0, 2, NULL, 4),
(738, 2, 'free', 258, 0, 0, 0, 2, NULL, 4),
(739, 2, 'free', 259, 0, 0, 0, 2, NULL, 4),
(740, 2, 'free', 260, 0, 0, 0, 2, NULL, 4),
(741, 2, 'free', 261, 0, 0, 0, 2, NULL, 4),
(742, 2, 'free', 262, 0, 0, 0, 2, NULL, 4),
(743, 2, 'free', 263, 0, 0, 0, 2, NULL, 4),
(744, 2, 'free', 264, 0, 0, 0, 2, NULL, 4),
(745, 3, 'free', 265, 0, 0, 0, 2, NULL, 4),
(746, 3, 'free', 266, 0, 0, 0, 2, NULL, 4),
(747, 3, 'free', 267, 0, 0, 0, 2, NULL, 4),
(748, 3, 'free', 268, 0, 0, 0, 2, NULL, 4),
(749, 3, 'free', 269, 0, 0, 0, 2, NULL, 4),
(750, 3, 'free', 270, 0, 0, 0, 2, NULL, 4),
(751, 3, 'free', 271, 0, 0, 0, 2, NULL, 4),
(752, 3, 'free', 272, 0, 0, 0, 2, NULL, 4),
(753, 3, 'free', 273, 0, 0, 0, 2, NULL, 4),
(754, 3, 'free', 274, 0, 0, 0, 2, NULL, 4),
(755, 3, 'free', 275, 0, 0, 0, 2, NULL, 4),
(756, 3, 'free', 276, 0, 0, 0, 2, NULL, 4),
(757, 4, 'free', 277, 0, 0, 0, 2, NULL, 4),
(758, 4, 'free', 278, 0, 0, 0, 2, NULL, 4),
(759, 4, 'free', 279, 0, 0, 0, 2, NULL, 4),
(760, 4, 'free', 280, 0, 0, 0, 2, NULL, 4),
(761, 4, 'free', 281, 0, 0, 0, 2, NULL, 4),
(762, 4, 'free', 282, 0, 0, 0, 2, NULL, 4),
(763, 4, 'free', 283, 0, 0, 0, 2, NULL, 4),
(764, 4, 'free', 284, 0, 0, 0, 2, NULL, 4),
(765, 4, 'free', 285, 0, 0, 0, 2, NULL, 4),
(766, 4, 'free', 286, 0, 0, 0, 2, NULL, 4),
(767, 4, 'free', 287, 0, 0, 0, 2, NULL, 4),
(768, 4, 'free', 288, 0, 0, 0, 2, NULL, 4),
(769, 5, 'free', 289, 0, 0, 0, 2, NULL, 4),
(770, 5, 'free', 290, 0, 0, 0, 2, NULL, 4),
(771, 5, 'free', 291, 0, 0, 0, 2, NULL, 4),
(772, 5, 'free', 292, 0, 0, 0, 2, NULL, 4),
(773, 5, 'free', 293, 0, 0, 0, 2, NULL, 4),
(774, 5, 'free', 294, 0, 0, 0, 2, NULL, 4),
(775, 5, 'free', 295, 0, 0, 0, 2, NULL, 4),
(776, 5, 'free', 296, 0, 0, 0, 2, NULL, 4),
(777, 5, 'free', 297, 0, 0, 0, 2, NULL, 4),
(778, 5, 'free', 298, 0, 0, 0, 2, NULL, 4),
(779, 5, 'free', 299, 0, 0, 0, 2, NULL, 4),
(780, 5, 'free', 300, 0, 0, 0, 2, NULL, 4),
(781, 6, 'free', 301, 0, 0, 0, 2, NULL, 4),
(782, 6, 'free', 302, 0, 0, 0, 2, NULL, 4),
(783, 6, 'free', 303, 0, 0, 0, 2, NULL, 4),
(784, 6, 'free', 304, 0, 0, 0, 2, NULL, 4),
(785, 6, 'free', 305, 0, 0, 0, 2, NULL, 4),
(786, 6, 'free', 306, 0, 0, 0, 2, NULL, 4),
(787, 6, 'free', 307, 0, 0, 0, 2, NULL, 4),
(788, 6, 'free', 308, 0, 0, 0, 2, NULL, 4),
(789, 6, 'free', 309, 0, 0, 0, 2, NULL, 4),
(790, 6, 'free', 310, 0, 0, 0, 2, NULL, 4),
(791, 6, 'free', 311, 0, 0, 0, 2, NULL, 4),
(792, 6, 'free', 312, 0, 0, 0, 2, NULL, 4),
(793, 7, 'free', 313, 0, 0, 0, 2, NULL, 4),
(794, 7, 'free', 314, 0, 0, 0, 2, NULL, 4),
(795, 7, 'free', 315, 0, 0, 0, 2, NULL, 4),
(796, 7, 'free', 316, 0, 0, 0, 2, NULL, 4),
(797, 7, 'free', 317, 0, 0, 0, 2, NULL, 4),
(798, 7, 'free', 318, 0, 0, 0, 2, NULL, 4),
(799, 7, 'free', 319, 0, 0, 0, 2, NULL, 4),
(800, 7, 'free', 320, 0, 0, 0, 2, NULL, 4),
(801, 7, 'free', 321, 0, 0, 0, 2, NULL, 4),
(802, 7, 'free', 322, 0, 0, 0, 2, NULL, 4),
(803, 7, 'free', 323, 0, 0, 0, 2, NULL, 4),
(804, 7, 'free', 324, 0, 0, 0, 2, NULL, 4),
(805, 8, 'free', 325, 0, 0, 0, 2, NULL, 4),
(806, 8, 'free', 326, 0, 0, 0, 2, NULL, 4),
(807, 8, 'free', 327, 0, 0, 0, 2, NULL, 4),
(808, 8, 'free', 328, 0, 0, 0, 2, NULL, 4),
(809, 8, 'free', 329, 0, 0, 0, 2, NULL, 4),
(810, 8, 'free', 330, 0, 0, 0, 2, NULL, 4),
(811, 8, 'free', 331, 0, 0, 0, 2, NULL, 4),
(812, 8, 'free', 332, 0, 0, 0, 2, NULL, 4),
(813, 8, 'free', 333, 0, 0, 0, 2, NULL, 4),
(814, 8, 'free', 334, 0, 0, 0, 2, NULL, 4),
(815, 8, 'free', 335, 0, 0, 0, 2, NULL, 4),
(816, 8, 'free', 336, 0, 0, 0, 2, NULL, 4),
(817, 9, 'free', 337, 0, 0, 0, 2, NULL, 4),
(818, 9, 'free', 338, 0, 0, 0, 2, NULL, 4),
(819, 9, 'free', 339, 0, 0, 0, 2, NULL, 4),
(820, 9, 'free', 340, 0, 0, 0, 2, NULL, 4),
(821, 9, 'free', 341, 0, 0, 0, 2, NULL, 4),
(822, 9, 'free', 342, 0, 0, 0, 2, NULL, 4),
(823, 9, 'free', 343, 0, 0, 0, 2, NULL, 4),
(824, 9, 'free', 344, 0, 0, 0, 2, NULL, 4),
(825, 9, 'free', 345, 0, 0, 0, 2, NULL, 4),
(826, 9, 'free', 346, 0, 0, 0, 2, NULL, 4),
(827, 9, 'free', 347, 0, 0, 0, 2, NULL, 4),
(828, 9, 'free', 348, 0, 0, 0, 2, NULL, 4),
(829, 10, 'free', 349, 0, 0, 0, 2, NULL, 4),
(830, 10, 'free', 350, 0, 0, 0, 2, NULL, 4),
(831, 10, 'free', 351, 0, 0, 0, 2, NULL, 4),
(832, 10, 'free', 352, 0, 0, 0, 2, NULL, 4),
(833, 10, 'free', 353, 0, 0, 0, 2, NULL, 4),
(834, 10, 'free', 354, 0, 0, 0, 2, NULL, 4),
(835, 10, 'free', 355, 0, 0, 0, 2, NULL, 4),
(836, 10, 'free', 356, 0, 0, 0, 2, NULL, 4),
(837, 10, 'free', 357, 0, 0, 0, 2, NULL, 4),
(838, 10, 'free', 358, 0, 0, 0, 2, NULL, 4),
(839, 10, 'free', 359, 0, 0, 0, 2, NULL, 4),
(840, 10, 'free', 360, 0, 0, 0, 2, NULL, 4),
(841, 11, 'free', 361, 0, 0, 0, 2, NULL, 4),
(842, 11, 'free', 362, 0, 0, 0, 2, NULL, 4),
(843, 11, 'free', 363, 0, 0, 0, 2, NULL, 4),
(844, 11, 'free', 364, 0, 0, 0, 2, NULL, 4),
(845, 11, 'free', 365, 0, 0, 0, 2, NULL, 4),
(846, 11, 'free', 366, 0, 0, 0, 2, NULL, 4),
(847, 11, 'free', 367, 0, 0, 0, 2, NULL, 4),
(848, 11, 'free', 368, 0, 0, 0, 2, NULL, 4),
(849, 11, 'free', 369, 0, 0, 0, 2, NULL, 4),
(850, 11, 'free', 370, 0, 0, 0, 2, NULL, 4),
(851, 11, 'free', 371, 0, 0, 0, 2, NULL, 4),
(852, 11, 'free', 372, 0, 0, 0, 2, NULL, 4),
(853, 12, 'free', 373, 0, 0, 0, 2, NULL, 4),
(854, 12, 'free', 374, 0, 0, 0, 2, NULL, 4),
(855, 12, 'free', 375, 0, 0, 0, 2, NULL, 4),
(856, 12, 'free', 376, 0, 0, 0, 2, NULL, 4),
(857, 12, 'free', 377, 0, 0, 0, 2, NULL, 4),
(858, 12, 'free', 378, 0, 0, 0, 2, NULL, 4),
(859, 12, 'free', 379, 0, 0, 0, 2, NULL, 4),
(860, 12, 'free', 380, 0, 0, 0, 2, NULL, 4),
(861, 12, 'free', 381, 0, 0, 0, 2, NULL, 4),
(862, 12, 'free', 382, 0, 0, 0, 2, NULL, 4),
(863, 12, 'free', 383, 0, 0, 0, 2, NULL, 4),
(864, 12, 'free', 384, 0, 0, 0, 2, NULL, 4),
(865, 13, 'free', 385, 0, 0, 0, 2, NULL, 4),
(866, 13, 'free', 386, 0, 0, 0, 2, NULL, 4),
(867, 13, 'free', 387, 0, 0, 0, 2, NULL, 4),
(868, 13, 'free', 388, 0, 0, 0, 2, NULL, 4),
(869, 13, 'free', 389, 0, 0, 0, 2, NULL, 4),
(870, 13, 'free', 390, 0, 0, 0, 2, NULL, 4),
(871, 13, 'free', 391, 0, 0, 0, 2, NULL, 4),
(872, 13, 'free', 392, 0, 0, 0, 2, NULL, 4),
(873, 13, 'free', 393, 0, 0, 0, 2, NULL, 4),
(874, 13, 'free', 394, 0, 0, 0, 2, NULL, 4),
(875, 13, 'free', 395, 0, 0, 0, 2, NULL, 4),
(876, 13, 'free', 396, 0, 0, 0, 2, NULL, 4),
(877, 14, 'free', 397, 0, 0, 0, 2, NULL, 4),
(878, 14, 'free', 398, 0, 0, 0, 2, NULL, 4),
(879, 14, 'free', 399, 0, 0, 0, 2, NULL, 4),
(880, 14, 'free', 400, 0, 0, 0, 2, NULL, 4),
(881, 14, 'free', 401, 0, 0, 0, 2, NULL, 4),
(882, 14, 'free', 402, 0, 0, 0, 2, NULL, 4),
(883, 14, 'free', 403, 0, 0, 0, 2, NULL, 4),
(884, 14, 'free', 404, 0, 0, 0, 2, NULL, 4),
(885, 14, 'free', 405, 0, 0, 0, 2, NULL, 4),
(886, 14, 'free', 406, 0, 0, 0, 2, NULL, 4),
(887, 14, 'free', 407, 0, 0, 0, 2, NULL, 4),
(888, 14, 'free', 408, 0, 0, 0, 2, NULL, 4),
(889, 15, 'free', 409, 0, 0, 0, 2, NULL, 4),
(890, 15, 'free', 410, 0, 0, 0, 2, NULL, 4),
(891, 15, 'free', 411, 0, 0, 0, 2, NULL, 4),
(892, 15, 'free', 412, 0, 0, 0, 2, NULL, 4),
(893, 15, 'free', 413, 0, 0, 0, 2, NULL, 4),
(894, 15, 'free', 414, 0, 0, 0, 2, NULL, 4),
(895, 15, 'free', 415, 0, 0, 0, 2, NULL, 4),
(896, 15, 'free', 416, 0, 0, 0, 2, NULL, 4),
(897, 15, 'free', 417, 0, 0, 0, 2, NULL, 4),
(898, 15, 'free', 418, 0, 0, 0, 2, NULL, 4),
(899, 15, 'free', 419, 0, 0, 0, 2, NULL, 4),
(900, 15, 'free', 420, 0, 0, 0, 2, NULL, 4),
(901, 16, 'free', 421, 0, 0, 0, 2, NULL, 4),
(902, 16, 'free', 422, 0, 0, 0, 2, NULL, 4),
(903, 16, 'free', 423, 0, 0, 0, 2, NULL, 4),
(904, 16, 'free', 424, 0, 0, 0, 2, NULL, 4),
(905, 16, 'free', 425, 0, 0, 0, 2, NULL, 4),
(906, 16, 'free', 426, 0, 0, 0, 2, NULL, 4),
(907, 16, 'free', 427, 0, 0, 0, 2, NULL, 4),
(908, 16, 'free', 428, 0, 0, 0, 2, NULL, 4),
(909, 16, 'free', 429, 0, 0, 0, 2, NULL, 4),
(910, 16, 'free', 430, 0, 0, 0, 2, NULL, 4),
(911, 16, 'free', 431, 0, 0, 0, 2, NULL, 4),
(912, 16, 'free', 432, 0, 0, 0, 2, NULL, 4),
(913, 17, 'free', 433, 0, 0, 0, 2, NULL, 4),
(914, 17, 'free', 434, 0, 0, 0, 2, NULL, 4),
(915, 17, 'free', 435, 0, 0, 0, 2, NULL, 4),
(916, 17, 'free', 436, 0, 0, 0, 2, NULL, 4),
(917, 17, 'free', 437, 0, 0, 0, 2, NULL, 4),
(918, 17, 'free', 438, 0, 0, 0, 2, NULL, 4),
(919, 17, 'free', 439, 0, 0, 0, 2, NULL, 4),
(920, 17, 'free', 440, 0, 0, 0, 2, NULL, 4),
(921, 17, 'free', 441, 0, 0, 0, 2, NULL, 4),
(922, 17, 'free', 442, 0, 0, 0, 2, NULL, 4),
(923, 17, 'free', 443, 0, 0, 0, 2, NULL, 4),
(924, 17, 'free', 444, 0, 0, 0, 2, NULL, 4),
(925, 18, 'free', 445, 0, 0, 0, 2, NULL, 4),
(926, 18, 'free', 446, 0, 0, 0, 2, NULL, 4),
(927, 18, 'free', 447, 0, 0, 0, 2, NULL, 4),
(928, 18, 'free', 448, 0, 0, 0, 2, NULL, 4),
(929, 18, 'free', 449, 0, 0, 0, 2, NULL, 4),
(930, 18, 'free', 450, 0, 0, 0, 2, NULL, 4),
(931, 18, 'free', 451, 0, 0, 0, 2, NULL, 4),
(932, 18, 'free', 452, 0, 0, 0, 2, NULL, 4),
(933, 18, 'free', 453, 0, 0, 0, 2, NULL, 4),
(934, 18, 'free', 454, 0, 0, 0, 2, NULL, 4),
(935, 18, 'free', 455, 0, 0, 0, 2, NULL, 4),
(936, 18, 'free', 456, 0, 0, 0, 2, NULL, 4),
(937, 19, 'free', 457, 0, 0, 0, 2, NULL, 4),
(938, 19, 'free', 458, 0, 0, 0, 2, NULL, 4),
(939, 19, 'free', 459, 0, 0, 0, 2, NULL, 4),
(940, 19, 'free', 460, 0, 0, 0, 2, NULL, 4),
(941, 19, 'free', 461, 0, 0, 0, 2, NULL, 4),
(942, 19, 'free', 462, 0, 0, 0, 2, NULL, 4),
(943, 19, 'free', 463, 0, 0, 0, 2, NULL, 4),
(944, 19, 'free', 464, 0, 0, 0, 2, NULL, 4),
(945, 19, 'free', 465, 0, 0, 0, 2, NULL, 4),
(946, 19, 'free', 466, 0, 0, 0, 2, NULL, 4),
(947, 19, 'free', 467, 0, 0, 0, 2, NULL, 4),
(948, 19, 'free', 468, 0, 0, 0, 2, NULL, 4),
(949, 20, 'free', 469, 0, 0, 0, 2, NULL, 4),
(950, 20, 'free', 470, 0, 0, 0, 2, NULL, 4),
(951, 20, 'free', 471, 0, 0, 0, 2, NULL, 4),
(952, 20, 'free', 472, 0, 0, 0, 2, NULL, 4),
(953, 20, 'free', 473, 0, 0, 0, 2, NULL, 4),
(954, 20, 'free', 474, 0, 0, 0, 2, NULL, 4),
(955, 20, 'free', 475, 0, 0, 0, 2, NULL, 4),
(956, 20, 'free', 476, 0, 0, 0, 2, NULL, 4),
(957, 20, 'free', 477, 0, 0, 0, 2, NULL, 4),
(958, 20, 'free', 478, 0, 0, 0, 2, NULL, 4),
(959, 20, 'free', 479, 0, 0, 0, 2, NULL, 4),
(960, 20, 'free', 480, 0, 0, 0, 2, NULL, 4),
(961, 1, 'free', 241, 0, 0, 0, 3, NULL, 5),
(962, 1, 'free', 242, 0, 0, 0, 3, NULL, 5),
(963, 1, 'free', 243, 0, 0, 0, 3, NULL, 5),
(964, 1, 'free', 244, 0, 0, 0, 3, NULL, 5),
(965, 1, 'free', 245, 0, 0, 0, 3, NULL, 5),
(966, 1, 'free', 246, 0, 0, 0, 3, NULL, 5),
(967, 1, 'free', 247, 0, 0, 0, 3, NULL, 5),
(968, 1, 'free', 248, 0, 0, 0, 3, NULL, 5),
(969, 1, 'free', 249, 0, 0, 0, 3, NULL, 5),
(970, 1, 'free', 250, 0, 0, 0, 3, NULL, 5),
(971, 1, 'free', 251, 0, 0, 0, 3, NULL, 5),
(972, 1, 'free', 252, 0, 0, 0, 3, NULL, 5),
(973, 2, 'free', 253, 0, 0, 0, 3, NULL, 5),
(974, 2, 'free', 254, 0, 0, 0, 3, NULL, 5),
(975, 2, 'free', 255, 0, 0, 0, 3, NULL, 5),
(976, 2, 'free', 256, 0, 0, 0, 3, NULL, 5),
(977, 2, 'free', 257, 0, 0, 0, 3, NULL, 5),
(978, 2, 'free', 258, 0, 0, 0, 3, NULL, 5),
(979, 2, 'free', 259, 0, 0, 0, 3, NULL, 5),
(980, 2, 'free', 260, 0, 0, 0, 3, NULL, 5),
(981, 2, 'free', 261, 0, 0, 0, 3, NULL, 5),
(982, 2, 'free', 262, 0, 0, 0, 3, NULL, 5),
(983, 2, 'free', 263, 0, 0, 0, 3, NULL, 5),
(984, 2, 'free', 264, 0, 0, 0, 3, NULL, 5),
(985, 3, 'free', 265, 0, 0, 0, 3, NULL, 5),
(986, 3, 'free', 266, 0, 0, 0, 3, NULL, 5),
(987, 3, 'free', 267, 0, 0, 0, 3, NULL, 5),
(988, 3, 'free', 268, 0, 0, 0, 3, NULL, 5),
(989, 3, 'free', 269, 0, 0, 0, 3, NULL, 5),
(990, 3, 'free', 270, 0, 0, 0, 3, NULL, 5),
(991, 3, 'free', 271, 0, 0, 0, 3, NULL, 5),
(992, 3, 'free', 272, 0, 0, 0, 3, NULL, 5),
(993, 3, 'free', 273, 0, 0, 0, 3, NULL, 5),
(994, 3, 'free', 274, 0, 0, 0, 3, NULL, 5),
(995, 3, 'free', 275, 0, 0, 0, 3, NULL, 5),
(996, 3, 'free', 276, 0, 0, 0, 3, NULL, 5),
(997, 4, 'free', 277, 0, 0, 0, 3, NULL, 5),
(998, 4, 'free', 278, 0, 0, 0, 3, NULL, 5),
(999, 4, 'free', 279, 0, 0, 0, 3, NULL, 5),
(1000, 4, 'free', 280, 0, 0, 0, 3, NULL, 5),
(1001, 4, 'free', 281, 0, 0, 0, 3, NULL, 5),
(1002, 4, 'free', 282, 0, 0, 0, 3, NULL, 5),
(1003, 4, 'free', 283, 0, 0, 0, 3, NULL, 5),
(1004, 4, 'free', 284, 0, 0, 0, 3, NULL, 5),
(1005, 4, 'free', 285, 0, 0, 0, 3, NULL, 5),
(1006, 4, 'free', 286, 0, 0, 0, 3, NULL, 5),
(1007, 4, 'free', 287, 0, 0, 0, 3, NULL, 5),
(1008, 4, 'free', 288, 0, 0, 0, 3, NULL, 5),
(1009, 5, 'free', 289, 0, 0, 0, 3, NULL, 5),
(1010, 5, 'free', 290, 0, 0, 0, 3, NULL, 5),
(1011, 5, 'free', 291, 0, 0, 0, 3, NULL, 5),
(1012, 5, 'free', 292, 0, 0, 0, 3, NULL, 5),
(1013, 5, 'free', 293, 0, 0, 0, 3, NULL, 5),
(1014, 5, 'free', 294, 0, 0, 0, 3, NULL, 5),
(1015, 5, 'free', 295, 0, 0, 0, 3, NULL, 5),
(1016, 5, 'free', 296, 0, 0, 0, 3, NULL, 5),
(1017, 5, 'free', 297, 0, 0, 0, 3, NULL, 5),
(1018, 5, 'free', 298, 0, 0, 0, 3, NULL, 5),
(1019, 5, 'free', 299, 0, 0, 0, 3, NULL, 5),
(1020, 5, 'free', 300, 0, 0, 0, 3, NULL, 5),
(1021, 6, 'free', 301, 0, 0, 0, 3, NULL, 5),
(1022, 6, 'free', 302, 0, 0, 0, 3, NULL, 5),
(1023, 6, 'free', 303, 0, 0, 0, 3, NULL, 5),
(1024, 6, 'free', 304, 0, 0, 0, 3, NULL, 5),
(1025, 6, 'free', 305, 0, 0, 0, 3, NULL, 5),
(1026, 6, 'free', 306, 0, 0, 0, 3, NULL, 5),
(1027, 6, 'free', 307, 0, 0, 0, 3, NULL, 5),
(1028, 6, 'free', 308, 0, 0, 0, 3, NULL, 5),
(1029, 6, 'free', 309, 0, 0, 0, 3, NULL, 5),
(1030, 6, 'free', 310, 0, 0, 0, 3, NULL, 5),
(1031, 6, 'free', 311, 0, 0, 0, 3, NULL, 5),
(1032, 6, 'free', 312, 0, 0, 0, 3, NULL, 5),
(1033, 7, 'free', 313, 0, 0, 0, 3, NULL, 5),
(1034, 7, 'free', 314, 0, 0, 0, 3, NULL, 5),
(1035, 7, 'free', 315, 0, 0, 0, 3, NULL, 5),
(1036, 7, 'free', 316, 0, 0, 0, 3, NULL, 5),
(1037, 7, 'free', 317, 0, 0, 0, 3, NULL, 5),
(1038, 7, 'free', 318, 0, 0, 0, 3, NULL, 5),
(1039, 7, 'free', 319, 0, 0, 0, 3, NULL, 5),
(1040, 7, 'free', 320, 0, 0, 0, 3, NULL, 5),
(1041, 7, 'free', 321, 0, 0, 0, 3, NULL, 5),
(1042, 7, 'free', 322, 0, 0, 0, 3, NULL, 5),
(1043, 7, 'free', 323, 0, 0, 0, 3, NULL, 5),
(1044, 7, 'free', 324, 0, 0, 0, 3, NULL, 5),
(1045, 8, 'free', 325, 0, 0, 0, 3, NULL, 5),
(1046, 8, 'free', 326, 0, 0, 0, 3, NULL, 5),
(1047, 8, 'free', 327, 0, 0, 0, 3, NULL, 5),
(1048, 8, 'free', 328, 0, 0, 0, 3, NULL, 5),
(1049, 8, 'free', 329, 0, 0, 0, 3, NULL, 5),
(1050, 8, 'free', 330, 0, 0, 0, 3, NULL, 5),
(1051, 8, 'free', 331, 0, 0, 0, 3, NULL, 5),
(1052, 8, 'free', 332, 0, 0, 0, 3, NULL, 5),
(1053, 8, 'free', 333, 0, 0, 0, 3, NULL, 5),
(1054, 8, 'free', 334, 0, 0, 0, 3, NULL, 5),
(1055, 8, 'free', 335, 0, 0, 0, 3, NULL, 5),
(1056, 8, 'free', 336, 0, 0, 0, 3, NULL, 5),
(1057, 9, 'free', 337, 0, 0, 0, 3, NULL, 5),
(1058, 9, 'free', 338, 0, 0, 0, 3, NULL, 5),
(1059, 9, 'free', 339, 0, 0, 0, 3, NULL, 5),
(1060, 9, 'free', 340, 0, 0, 0, 3, NULL, 5),
(1061, 9, 'free', 341, 0, 0, 0, 3, NULL, 5),
(1062, 9, 'free', 342, 0, 0, 0, 3, NULL, 5),
(1063, 9, 'free', 343, 0, 0, 0, 3, NULL, 5),
(1064, 9, 'free', 344, 0, 0, 0, 3, NULL, 5),
(1065, 9, 'free', 345, 0, 0, 0, 3, NULL, 5),
(1066, 9, 'free', 346, 0, 0, 0, 3, NULL, 5),
(1067, 9, 'free', 347, 0, 0, 0, 3, NULL, 5),
(1068, 9, 'free', 348, 0, 0, 0, 3, NULL, 5),
(1069, 10, 'free', 349, 0, 0, 0, 3, NULL, 5),
(1070, 10, 'free', 350, 0, 0, 0, 3, NULL, 5),
(1071, 10, 'free', 351, 0, 0, 0, 3, NULL, 5),
(1072, 10, 'free', 352, 0, 0, 0, 3, NULL, 5),
(1073, 10, 'free', 353, 0, 0, 0, 3, NULL, 5),
(1074, 10, 'free', 354, 0, 0, 0, 3, NULL, 5),
(1075, 10, 'free', 355, 0, 0, 0, 3, NULL, 5),
(1076, 10, 'free', 356, 0, 0, 0, 3, NULL, 5),
(1077, 10, 'free', 357, 0, 0, 0, 3, NULL, 5),
(1078, 10, 'free', 358, 0, 0, 0, 3, NULL, 5),
(1079, 10, 'free', 359, 0, 0, 0, 3, NULL, 5),
(1080, 10, 'free', 360, 0, 0, 0, 3, NULL, 5),
(1081, 11, 'free', 361, 0, 0, 0, 3, NULL, 5),
(1082, 11, 'free', 362, 0, 0, 0, 3, NULL, 5),
(1083, 11, 'free', 363, 0, 0, 0, 3, NULL, 5),
(1084, 11, 'free', 364, 0, 0, 0, 3, NULL, 5),
(1085, 11, 'free', 365, 0, 0, 0, 3, NULL, 5),
(1086, 11, 'free', 366, 0, 0, 0, 3, NULL, 5),
(1087, 11, 'free', 367, 0, 0, 0, 3, NULL, 5),
(1088, 11, 'free', 368, 0, 0, 0, 3, NULL, 5),
(1089, 11, 'free', 369, 0, 0, 0, 3, NULL, 5),
(1090, 11, 'free', 370, 0, 0, 0, 3, NULL, 5),
(1091, 11, 'free', 371, 0, 0, 0, 3, NULL, 5),
(1092, 11, 'free', 372, 0, 0, 0, 3, NULL, 5),
(1093, 12, 'free', 373, 0, 0, 0, 3, NULL, 5),
(1094, 12, 'free', 374, 0, 0, 0, 3, NULL, 5),
(1095, 12, 'free', 375, 0, 0, 0, 3, NULL, 5),
(1096, 12, 'free', 376, 0, 0, 0, 3, NULL, 5),
(1097, 12, 'free', 377, 0, 0, 0, 3, NULL, 5),
(1098, 12, 'free', 378, 0, 0, 0, 3, NULL, 5),
(1099, 12, 'free', 379, 0, 0, 0, 3, NULL, 5),
(1100, 12, 'free', 380, 0, 0, 0, 3, NULL, 5),
(1101, 12, 'free', 381, 0, 0, 0, 3, NULL, 5),
(1102, 12, 'free', 382, 0, 0, 0, 3, NULL, 5),
(1103, 12, 'free', 383, 0, 0, 0, 3, NULL, 5),
(1104, 12, 'free', 384, 0, 0, 0, 3, NULL, 5),
(1105, 13, 'free', 385, 0, 0, 0, 3, NULL, 5),
(1106, 13, 'free', 386, 0, 0, 0, 3, NULL, 5),
(1107, 13, 'free', 387, 0, 0, 0, 3, NULL, 5),
(1108, 13, 'free', 388, 0, 0, 0, 3, NULL, 5),
(1109, 13, 'free', 389, 0, 0, 0, 3, NULL, 5),
(1110, 13, 'free', 390, 0, 0, 0, 3, NULL, 5),
(1111, 13, 'free', 391, 0, 0, 0, 3, NULL, 5),
(1112, 13, 'free', 392, 0, 0, 0, 3, NULL, 5),
(1113, 13, 'free', 393, 0, 0, 0, 3, NULL, 5),
(1114, 13, 'free', 394, 0, 0, 0, 3, NULL, 5),
(1115, 13, 'free', 395, 0, 0, 0, 3, NULL, 5),
(1116, 13, 'free', 396, 0, 0, 0, 3, NULL, 5),
(1117, 14, 'free', 397, 0, 0, 0, 3, NULL, 5),
(1118, 14, 'free', 398, 0, 0, 0, 3, NULL, 5),
(1119, 14, 'free', 399, 0, 0, 0, 3, NULL, 5),
(1120, 14, 'free', 400, 0, 0, 0, 3, NULL, 5),
(1121, 14, 'free', 401, 0, 0, 0, 3, NULL, 5),
(1122, 14, 'free', 402, 0, 0, 0, 3, NULL, 5),
(1123, 14, 'free', 403, 0, 0, 0, 3, NULL, 5),
(1124, 14, 'free', 404, 0, 0, 0, 3, NULL, 5),
(1125, 14, 'free', 405, 0, 0, 0, 3, NULL, 5),
(1126, 14, 'free', 406, 0, 0, 0, 3, NULL, 5),
(1127, 14, 'free', 407, 0, 0, 0, 3, NULL, 5),
(1128, 14, 'free', 408, 0, 0, 0, 3, NULL, 5),
(1129, 15, 'free', 409, 0, 0, 0, 3, NULL, 5),
(1130, 15, 'free', 410, 0, 0, 0, 3, NULL, 5),
(1131, 15, 'free', 411, 0, 0, 0, 3, NULL, 5),
(1132, 15, 'free', 412, 0, 0, 0, 3, NULL, 5),
(1133, 15, 'free', 413, 0, 0, 0, 3, NULL, 5),
(1134, 15, 'free', 414, 0, 0, 0, 3, NULL, 5),
(1135, 15, 'free', 415, 0, 0, 0, 3, NULL, 5),
(1136, 15, 'free', 416, 0, 0, 0, 3, NULL, 5),
(1137, 15, 'free', 417, 0, 0, 0, 3, NULL, 5),
(1138, 15, 'free', 418, 0, 0, 0, 3, NULL, 5),
(1139, 15, 'free', 419, 0, 0, 0, 3, NULL, 5),
(1140, 15, 'free', 420, 0, 0, 0, 3, NULL, 5),
(1141, 16, 'free', 421, 0, 0, 0, 3, NULL, 5),
(1142, 16, 'free', 422, 0, 0, 0, 3, NULL, 5),
(1143, 16, 'free', 423, 0, 0, 0, 3, NULL, 5),
(1144, 16, 'free', 424, 0, 0, 0, 3, NULL, 5),
(1145, 16, 'free', 425, 0, 0, 0, 3, NULL, 5),
(1146, 16, 'free', 426, 0, 0, 0, 3, NULL, 5),
(1147, 16, 'free', 427, 0, 0, 0, 3, NULL, 5),
(1148, 16, 'free', 428, 0, 0, 0, 3, NULL, 5),
(1149, 16, 'free', 429, 0, 0, 0, 3, NULL, 5),
(1150, 16, 'free', 430, 0, 0, 0, 3, NULL, 5),
(1151, 16, 'free', 431, 0, 0, 0, 3, NULL, 5),
(1152, 16, 'free', 432, 0, 0, 0, 3, NULL, 5),
(1153, 17, 'free', 433, 0, 0, 0, 3, NULL, 5),
(1154, 17, 'free', 434, 0, 0, 0, 3, NULL, 5),
(1155, 17, 'free', 435, 0, 0, 0, 3, NULL, 5),
(1156, 17, 'free', 436, 0, 0, 0, 3, NULL, 5),
(1157, 17, 'free', 437, 0, 0, 0, 3, NULL, 5),
(1158, 17, 'free', 438, 0, 0, 0, 3, NULL, 5),
(1159, 17, 'free', 439, 0, 0, 0, 3, NULL, 5),
(1160, 17, 'free', 440, 0, 0, 0, 3, NULL, 5),
(1161, 17, 'free', 441, 0, 0, 0, 3, NULL, 5),
(1162, 17, 'free', 442, 0, 0, 0, 3, NULL, 5),
(1163, 17, 'free', 443, 0, 0, 0, 3, NULL, 5),
(1164, 17, 'free', 444, 0, 0, 0, 3, NULL, 5),
(1165, 18, 'free', 445, 0, 0, 0, 3, NULL, 5),
(1166, 18, 'free', 446, 0, 0, 0, 3, NULL, 5),
(1167, 18, 'free', 447, 0, 0, 0, 3, NULL, 5),
(1168, 18, 'free', 448, 0, 0, 0, 3, NULL, 5);
INSERT INTO `flats` (`id`, `floor`, `status`, `flat_number`, `size`, `rooms`, `price`, `HouseId`, `houseIdId`, `sectionId`) VALUES
(1169, 18, 'free', 449, 0, 0, 0, 3, NULL, 5),
(1170, 18, 'free', 450, 0, 0, 0, 3, NULL, 5),
(1171, 18, 'free', 451, 0, 0, 0, 3, NULL, 5),
(1172, 18, 'free', 452, 0, 0, 0, 3, NULL, 5),
(1173, 18, 'free', 453, 0, 0, 0, 3, NULL, 5),
(1174, 18, 'free', 454, 0, 0, 0, 3, NULL, 5),
(1175, 18, 'free', 455, 0, 0, 0, 3, NULL, 5),
(1176, 18, 'free', 456, 0, 0, 0, 3, NULL, 5),
(1177, 19, 'free', 457, 0, 0, 0, 3, NULL, 5),
(1178, 19, 'free', 458, 0, 0, 0, 3, NULL, 5),
(1179, 19, 'free', 459, 0, 0, 0, 3, NULL, 5),
(1180, 19, 'free', 460, 0, 0, 0, 3, NULL, 5),
(1181, 19, 'free', 461, 0, 0, 0, 3, NULL, 5),
(1182, 19, 'free', 462, 0, 0, 0, 3, NULL, 5),
(1183, 19, 'free', 463, 0, 0, 0, 3, NULL, 5),
(1184, 19, 'free', 464, 0, 0, 0, 3, NULL, 5),
(1185, 19, 'free', 465, 0, 0, 0, 3, NULL, 5),
(1186, 19, 'free', 466, 0, 0, 0, 3, NULL, 5),
(1187, 19, 'free', 467, 0, 0, 0, 3, NULL, 5),
(1188, 19, 'free', 468, 0, 0, 0, 3, NULL, 5),
(1189, 20, 'free', 469, 0, 0, 0, 3, NULL, 5),
(1190, 20, 'free', 470, 0, 0, 0, 3, NULL, 5),
(1191, 20, 'free', 471, 0, 0, 0, 3, NULL, 5),
(1192, 20, 'free', 472, 0, 0, 0, 3, NULL, 5),
(1193, 20, 'free', 473, 0, 0, 0, 3, NULL, 5),
(1194, 20, 'free', 474, 0, 0, 0, 3, NULL, 5),
(1195, 20, 'free', 475, 0, 0, 0, 3, NULL, 5),
(1196, 20, 'free', 476, 0, 0, 0, 3, NULL, 5),
(1197, 20, 'free', 477, 0, 0, 0, 3, NULL, 5),
(1198, 20, 'free', 478, 0, 0, 0, 3, NULL, 5),
(1199, 20, 'free', 479, 0, 0, 0, 3, NULL, 5),
(1200, 20, 'free', 480, 0, 0, 0, 3, NULL, 5),
(1201, 1, 'free', 241, 0, 0, 0, 3, NULL, 6),
(1202, 1, 'free', 242, 0, 0, 0, 3, NULL, 6),
(1203, 1, 'free', 243, 0, 0, 0, 3, NULL, 6),
(1204, 1, 'free', 244, 0, 0, 0, 3, NULL, 6),
(1205, 1, 'free', 245, 0, 0, 0, 3, NULL, 6),
(1206, 1, 'free', 246, 0, 0, 0, 3, NULL, 6),
(1207, 1, 'free', 247, 0, 0, 0, 3, NULL, 6),
(1208, 1, 'free', 248, 0, 0, 0, 3, NULL, 6),
(1209, 1, 'free', 249, 0, 0, 0, 3, NULL, 6),
(1210, 1, 'free', 250, 0, 0, 0, 3, NULL, 6),
(1211, 1, 'free', 251, 0, 0, 0, 3, NULL, 6),
(1212, 1, 'free', 252, 0, 0, 0, 3, NULL, 6),
(1213, 2, 'free', 253, 0, 0, 0, 3, NULL, 6),
(1214, 2, 'free', 254, 0, 0, 0, 3, NULL, 6),
(1215, 2, 'free', 255, 0, 0, 0, 3, NULL, 6),
(1216, 2, 'free', 256, 0, 0, 0, 3, NULL, 6),
(1217, 2, 'free', 257, 0, 0, 0, 3, NULL, 6),
(1218, 2, 'free', 258, 0, 0, 0, 3, NULL, 6),
(1219, 2, 'free', 259, 0, 0, 0, 3, NULL, 6),
(1220, 2, 'free', 260, 0, 0, 0, 3, NULL, 6),
(1221, 2, 'free', 261, 0, 0, 0, 3, NULL, 6),
(1222, 2, 'free', 262, 0, 0, 0, 3, NULL, 6),
(1223, 2, 'free', 263, 0, 0, 0, 3, NULL, 6),
(1224, 2, 'free', 264, 0, 0, 0, 3, NULL, 6),
(1225, 3, 'free', 265, 0, 0, 0, 3, NULL, 6),
(1226, 3, 'free', 266, 0, 0, 0, 3, NULL, 6),
(1227, 3, 'free', 267, 0, 0, 0, 3, NULL, 6),
(1228, 3, 'free', 268, 0, 0, 0, 3, NULL, 6),
(1229, 3, 'free', 269, 0, 0, 0, 3, NULL, 6),
(1230, 3, 'free', 270, 0, 0, 0, 3, NULL, 6),
(1231, 3, 'free', 271, 0, 0, 0, 3, NULL, 6),
(1232, 3, 'free', 272, 0, 0, 0, 3, NULL, 6),
(1233, 3, 'free', 273, 0, 0, 0, 3, NULL, 6),
(1234, 3, 'free', 274, 0, 0, 0, 3, NULL, 6),
(1235, 3, 'free', 275, 0, 0, 0, 3, NULL, 6),
(1236, 3, 'free', 276, 0, 0, 0, 3, NULL, 6),
(1237, 4, 'free', 277, 0, 0, 0, 3, NULL, 6),
(1238, 4, 'free', 278, 0, 0, 0, 3, NULL, 6),
(1239, 4, 'free', 279, 0, 0, 0, 3, NULL, 6),
(1240, 4, 'free', 280, 0, 0, 0, 3, NULL, 6),
(1241, 4, 'free', 281, 0, 0, 0, 3, NULL, 6),
(1242, 4, 'free', 282, 0, 0, 0, 3, NULL, 6),
(1243, 4, 'free', 283, 0, 0, 0, 3, NULL, 6),
(1244, 4, 'free', 284, 0, 0, 0, 3, NULL, 6),
(1245, 4, 'free', 285, 0, 0, 0, 3, NULL, 6),
(1246, 4, 'free', 286, 0, 0, 0, 3, NULL, 6),
(1247, 4, 'free', 287, 0, 0, 0, 3, NULL, 6),
(1248, 4, 'free', 288, 0, 0, 0, 3, NULL, 6),
(1249, 5, 'free', 289, 0, 0, 0, 3, NULL, 6),
(1250, 5, 'free', 290, 0, 0, 0, 3, NULL, 6),
(1251, 5, 'free', 291, 0, 0, 0, 3, NULL, 6),
(1252, 5, 'free', 292, 0, 0, 0, 3, NULL, 6),
(1253, 5, 'free', 293, 0, 0, 0, 3, NULL, 6),
(1254, 5, 'free', 294, 0, 0, 0, 3, NULL, 6),
(1255, 5, 'free', 295, 0, 0, 0, 3, NULL, 6),
(1256, 5, 'free', 296, 0, 0, 0, 3, NULL, 6),
(1257, 5, 'free', 297, 0, 0, 0, 3, NULL, 6),
(1258, 5, 'free', 298, 0, 0, 0, 3, NULL, 6),
(1259, 5, 'free', 299, 0, 0, 0, 3, NULL, 6),
(1260, 5, 'free', 300, 0, 0, 0, 3, NULL, 6),
(1261, 6, 'free', 301, 0, 0, 0, 3, NULL, 6),
(1262, 6, 'free', 302, 0, 0, 0, 3, NULL, 6),
(1263, 6, 'free', 303, 0, 0, 0, 3, NULL, 6),
(1264, 6, 'free', 304, 0, 0, 0, 3, NULL, 6),
(1265, 6, 'free', 305, 0, 0, 0, 3, NULL, 6),
(1266, 6, 'free', 306, 0, 0, 0, 3, NULL, 6),
(1267, 6, 'free', 307, 0, 0, 0, 3, NULL, 6),
(1268, 6, 'free', 308, 0, 0, 0, 3, NULL, 6),
(1269, 6, 'free', 309, 0, 0, 0, 3, NULL, 6),
(1270, 6, 'free', 310, 0, 0, 0, 3, NULL, 6),
(1271, 6, 'free', 311, 0, 0, 0, 3, NULL, 6),
(1272, 6, 'free', 312, 0, 0, 0, 3, NULL, 6),
(1273, 7, 'free', 313, 0, 0, 0, 3, NULL, 6),
(1274, 7, 'free', 314, 0, 0, 0, 3, NULL, 6),
(1275, 7, 'free', 315, 0, 0, 0, 3, NULL, 6),
(1276, 7, 'free', 316, 0, 0, 0, 3, NULL, 6),
(1277, 7, 'free', 317, 0, 0, 0, 3, NULL, 6),
(1278, 7, 'free', 318, 0, 0, 0, 3, NULL, 6),
(1279, 7, 'free', 319, 0, 0, 0, 3, NULL, 6),
(1280, 7, 'free', 320, 0, 0, 0, 3, NULL, 6),
(1281, 7, 'free', 321, 0, 0, 0, 3, NULL, 6),
(1282, 7, 'free', 322, 0, 0, 0, 3, NULL, 6),
(1283, 7, 'free', 323, 0, 0, 0, 3, NULL, 6),
(1284, 7, 'free', 324, 0, 0, 0, 3, NULL, 6),
(1285, 8, 'free', 325, 0, 0, 0, 3, NULL, 6),
(1286, 8, 'free', 326, 0, 0, 0, 3, NULL, 6),
(1287, 8, 'free', 327, 0, 0, 0, 3, NULL, 6),
(1288, 8, 'free', 328, 0, 0, 0, 3, NULL, 6),
(1289, 8, 'free', 329, 0, 0, 0, 3, NULL, 6),
(1290, 8, 'free', 330, 0, 0, 0, 3, NULL, 6),
(1291, 8, 'free', 331, 0, 0, 0, 3, NULL, 6),
(1292, 8, 'free', 332, 0, 0, 0, 3, NULL, 6),
(1293, 8, 'free', 333, 0, 0, 0, 3, NULL, 6),
(1294, 8, 'free', 334, 0, 0, 0, 3, NULL, 6),
(1295, 8, 'free', 335, 0, 0, 0, 3, NULL, 6),
(1296, 8, 'free', 336, 0, 0, 0, 3, NULL, 6),
(1297, 9, 'free', 337, 0, 0, 0, 3, NULL, 6),
(1298, 9, 'free', 338, 0, 0, 0, 3, NULL, 6),
(1299, 9, 'free', 339, 0, 0, 0, 3, NULL, 6),
(1300, 9, 'free', 340, 0, 0, 0, 3, NULL, 6),
(1301, 9, 'free', 341, 0, 0, 0, 3, NULL, 6),
(1302, 9, 'free', 342, 0, 0, 0, 3, NULL, 6),
(1303, 9, 'free', 343, 0, 0, 0, 3, NULL, 6),
(1304, 9, 'free', 344, 0, 0, 0, 3, NULL, 6),
(1305, 9, 'free', 345, 0, 0, 0, 3, NULL, 6),
(1306, 9, 'free', 346, 0, 0, 0, 3, NULL, 6),
(1307, 9, 'free', 347, 0, 0, 0, 3, NULL, 6),
(1308, 9, 'free', 348, 0, 0, 0, 3, NULL, 6),
(1309, 10, 'free', 349, 0, 0, 0, 3, NULL, 6),
(1310, 10, 'free', 350, 0, 0, 0, 3, NULL, 6),
(1311, 10, 'free', 351, 0, 0, 0, 3, NULL, 6),
(1312, 10, 'free', 352, 0, 0, 0, 3, NULL, 6),
(1313, 10, 'free', 353, 0, 0, 0, 3, NULL, 6),
(1314, 10, 'free', 354, 0, 0, 0, 3, NULL, 6),
(1315, 10, 'free', 355, 0, 0, 0, 3, NULL, 6),
(1316, 10, 'free', 356, 0, 0, 0, 3, NULL, 6),
(1317, 10, 'free', 357, 0, 0, 0, 3, NULL, 6),
(1318, 10, 'free', 358, 0, 0, 0, 3, NULL, 6),
(1319, 10, 'free', 359, 0, 0, 0, 3, NULL, 6),
(1320, 10, 'free', 360, 0, 0, 0, 3, NULL, 6),
(1321, 11, 'free', 361, 0, 0, 0, 3, NULL, 6),
(1322, 11, 'free', 362, 0, 0, 0, 3, NULL, 6),
(1323, 11, 'free', 363, 0, 0, 0, 3, NULL, 6),
(1324, 11, 'free', 364, 0, 0, 0, 3, NULL, 6),
(1325, 11, 'free', 365, 0, 0, 0, 3, NULL, 6),
(1326, 11, 'free', 366, 0, 0, 0, 3, NULL, 6),
(1327, 11, 'free', 367, 0, 0, 0, 3, NULL, 6),
(1328, 11, 'free', 368, 0, 0, 0, 3, NULL, 6),
(1329, 11, 'free', 369, 0, 0, 0, 3, NULL, 6),
(1330, 11, 'free', 370, 0, 0, 0, 3, NULL, 6),
(1331, 11, 'free', 371, 0, 0, 0, 3, NULL, 6),
(1332, 11, 'free', 372, 0, 0, 0, 3, NULL, 6),
(1333, 12, 'free', 373, 0, 0, 0, 3, NULL, 6),
(1334, 12, 'free', 374, 0, 0, 0, 3, NULL, 6),
(1335, 12, 'free', 375, 0, 0, 0, 3, NULL, 6),
(1336, 12, 'free', 376, 0, 0, 0, 3, NULL, 6),
(1337, 12, 'free', 377, 0, 0, 0, 3, NULL, 6),
(1338, 12, 'free', 378, 0, 0, 0, 3, NULL, 6),
(1339, 12, 'free', 379, 0, 0, 0, 3, NULL, 6),
(1340, 12, 'free', 380, 0, 0, 0, 3, NULL, 6),
(1341, 12, 'free', 381, 0, 0, 0, 3, NULL, 6),
(1342, 12, 'free', 382, 0, 0, 0, 3, NULL, 6),
(1343, 12, 'free', 383, 0, 0, 0, 3, NULL, 6),
(1344, 12, 'free', 384, 0, 0, 0, 3, NULL, 6),
(1345, 13, 'free', 385, 0, 0, 0, 3, NULL, 6),
(1346, 13, 'free', 386, 0, 0, 0, 3, NULL, 6),
(1347, 13, 'free', 387, 0, 0, 0, 3, NULL, 6),
(1348, 13, 'free', 388, 0, 0, 0, 3, NULL, 6),
(1349, 13, 'free', 389, 0, 0, 0, 3, NULL, 6),
(1350, 13, 'free', 390, 0, 0, 0, 3, NULL, 6),
(1351, 13, 'free', 391, 0, 0, 0, 3, NULL, 6),
(1352, 13, 'free', 392, 0, 0, 0, 3, NULL, 6),
(1353, 13, 'free', 393, 0, 0, 0, 3, NULL, 6),
(1354, 13, 'free', 394, 0, 0, 0, 3, NULL, 6),
(1355, 13, 'free', 395, 0, 0, 0, 3, NULL, 6),
(1356, 13, 'free', 396, 0, 0, 0, 3, NULL, 6),
(1357, 14, 'free', 397, 0, 0, 0, 3, NULL, 6),
(1358, 14, 'free', 398, 0, 0, 0, 3, NULL, 6),
(1359, 14, 'free', 399, 0, 0, 0, 3, NULL, 6),
(1360, 14, 'free', 400, 0, 0, 0, 3, NULL, 6),
(1361, 14, 'free', 401, 0, 0, 0, 3, NULL, 6),
(1362, 14, 'free', 402, 0, 0, 0, 3, NULL, 6),
(1363, 14, 'free', 403, 0, 0, 0, 3, NULL, 6),
(1364, 14, 'free', 404, 0, 0, 0, 3, NULL, 6),
(1365, 14, 'free', 405, 0, 0, 0, 3, NULL, 6),
(1366, 14, 'free', 406, 0, 0, 0, 3, NULL, 6),
(1367, 14, 'free', 407, 0, 0, 0, 3, NULL, 6),
(1368, 14, 'free', 408, 0, 0, 0, 3, NULL, 6),
(1369, 15, 'free', 409, 0, 0, 0, 3, NULL, 6),
(1370, 15, 'free', 410, 0, 0, 0, 3, NULL, 6),
(1371, 15, 'free', 411, 0, 0, 0, 3, NULL, 6),
(1372, 15, 'free', 412, 0, 0, 0, 3, NULL, 6),
(1373, 15, 'free', 413, 0, 0, 0, 3, NULL, 6),
(1374, 15, 'free', 414, 0, 0, 0, 3, NULL, 6),
(1375, 15, 'free', 415, 0, 0, 0, 3, NULL, 6),
(1376, 15, 'free', 416, 0, 0, 0, 3, NULL, 6),
(1377, 15, 'free', 417, 0, 0, 0, 3, NULL, 6),
(1378, 15, 'free', 418, 0, 0, 0, 3, NULL, 6),
(1379, 15, 'free', 419, 0, 0, 0, 3, NULL, 6),
(1380, 15, 'free', 420, 0, 0, 0, 3, NULL, 6),
(1381, 16, 'free', 421, 0, 0, 0, 3, NULL, 6),
(1382, 16, 'free', 422, 0, 0, 0, 3, NULL, 6),
(1383, 16, 'free', 423, 0, 0, 0, 3, NULL, 6),
(1384, 16, 'free', 424, 0, 0, 0, 3, NULL, 6),
(1385, 16, 'free', 425, 0, 0, 0, 3, NULL, 6),
(1386, 16, 'free', 426, 0, 0, 0, 3, NULL, 6),
(1387, 16, 'free', 427, 0, 0, 0, 3, NULL, 6),
(1388, 16, 'free', 428, 0, 0, 0, 3, NULL, 6),
(1389, 16, 'free', 429, 0, 0, 0, 3, NULL, 6),
(1390, 16, 'free', 430, 0, 0, 0, 3, NULL, 6),
(1391, 16, 'free', 431, 0, 0, 0, 3, NULL, 6),
(1392, 16, 'free', 432, 0, 0, 0, 3, NULL, 6),
(1393, 17, 'free', 433, 0, 0, 0, 3, NULL, 6),
(1394, 17, 'free', 434, 0, 0, 0, 3, NULL, 6),
(1395, 17, 'free', 435, 0, 0, 0, 3, NULL, 6),
(1396, 17, 'free', 436, 0, 0, 0, 3, NULL, 6),
(1397, 17, 'free', 437, 0, 0, 0, 3, NULL, 6),
(1398, 17, 'free', 438, 0, 0, 0, 3, NULL, 6),
(1399, 17, 'free', 439, 0, 0, 0, 3, NULL, 6),
(1400, 17, 'free', 440, 0, 0, 0, 3, NULL, 6),
(1401, 17, 'free', 441, 0, 0, 0, 3, NULL, 6),
(1402, 17, 'free', 442, 0, 0, 0, 3, NULL, 6),
(1403, 17, 'free', 443, 0, 0, 0, 3, NULL, 6),
(1404, 17, 'free', 444, 0, 0, 0, 3, NULL, 6),
(1405, 18, 'free', 445, 0, 0, 0, 3, NULL, 6),
(1406, 18, 'free', 446, 0, 0, 0, 3, NULL, 6),
(1407, 18, 'free', 447, 0, 0, 0, 3, NULL, 6),
(1408, 18, 'free', 448, 0, 0, 0, 3, NULL, 6),
(1409, 18, 'free', 449, 0, 0, 0, 3, NULL, 6),
(1410, 18, 'free', 450, 0, 0, 0, 3, NULL, 6),
(1411, 18, 'free', 451, 0, 0, 0, 3, NULL, 6),
(1412, 18, 'free', 452, 0, 0, 0, 3, NULL, 6),
(1413, 18, 'free', 453, 0, 0, 0, 3, NULL, 6),
(1414, 18, 'free', 454, 0, 0, 0, 3, NULL, 6),
(1415, 18, 'free', 455, 0, 0, 0, 3, NULL, 6),
(1416, 18, 'free', 456, 0, 0, 0, 3, NULL, 6),
(1417, 19, 'free', 457, 0, 0, 0, 3, NULL, 6),
(1418, 19, 'free', 458, 0, 0, 0, 3, NULL, 6),
(1419, 19, 'free', 459, 0, 0, 0, 3, NULL, 6),
(1420, 19, 'free', 460, 0, 0, 0, 3, NULL, 6),
(1421, 19, 'free', 461, 0, 0, 0, 3, NULL, 6),
(1422, 19, 'free', 462, 0, 0, 0, 3, NULL, 6),
(1423, 19, 'free', 463, 0, 0, 0, 3, NULL, 6),
(1424, 19, 'free', 464, 0, 0, 0, 3, NULL, 6),
(1425, 19, 'free', 465, 0, 0, 0, 3, NULL, 6),
(1426, 19, 'free', 466, 0, 0, 0, 3, NULL, 6),
(1427, 19, 'free', 467, 0, 0, 0, 3, NULL, 6),
(1428, 19, 'free', 468, 0, 0, 0, 3, NULL, 6),
(1429, 20, 'free', 469, 0, 0, 0, 3, NULL, 6),
(1430, 20, 'free', 470, 0, 0, 0, 3, NULL, 6),
(1431, 20, 'free', 471, 0, 0, 0, 3, NULL, 6),
(1432, 20, 'free', 472, 0, 0, 0, 3, NULL, 6),
(1433, 20, 'free', 473, 0, 0, 0, 3, NULL, 6),
(1434, 20, 'free', 474, 0, 0, 0, 3, NULL, 6),
(1435, 20, 'free', 475, 0, 0, 0, 3, NULL, 6),
(1436, 20, 'free', 476, 0, 0, 0, 3, NULL, 6),
(1437, 20, 'free', 477, 0, 0, 0, 3, NULL, 6),
(1438, 20, 'free', 478, 0, 0, 0, 3, NULL, 6),
(1439, 20, 'free', 479, 0, 0, 0, 3, NULL, 6),
(1440, 20, 'free', 480, 0, 0, 0, 3, NULL, 6),
(1441, 1, 'free', 241, 0, 0, 0, 4, NULL, 7),
(1442, 1, 'free', 242, 0, 0, 0, 4, NULL, 7),
(1443, 1, 'free', 243, 0, 0, 0, 4, NULL, 7),
(1444, 1, 'free', 244, 0, 0, 0, 4, NULL, 7),
(1445, 1, 'free', 245, 0, 0, 0, 4, NULL, 7),
(1446, 1, 'free', 246, 0, 0, 0, 4, NULL, 7),
(1447, 1, 'free', 247, 0, 0, 0, 4, NULL, 7),
(1448, 1, 'free', 248, 0, 0, 0, 4, NULL, 7),
(1449, 1, 'free', 249, 0, 0, 0, 4, NULL, 7),
(1450, 1, 'free', 250, 0, 0, 0, 4, NULL, 7),
(1451, 1, 'free', 251, 0, 0, 0, 4, NULL, 7),
(1452, 1, 'free', 252, 0, 0, 0, 4, NULL, 7),
(1453, 2, 'free', 253, 0, 0, 0, 4, NULL, 7),
(1454, 2, 'free', 254, 0, 0, 0, 4, NULL, 7),
(1455, 2, 'free', 255, 0, 0, 0, 4, NULL, 7),
(1456, 2, 'free', 256, 0, 0, 0, 4, NULL, 7),
(1457, 2, 'free', 257, 0, 0, 0, 4, NULL, 7),
(1458, 2, 'free', 258, 0, 0, 0, 4, NULL, 7),
(1459, 2, 'free', 259, 0, 0, 0, 4, NULL, 7),
(1460, 2, 'free', 260, 0, 0, 0, 4, NULL, 7),
(1461, 2, 'free', 261, 0, 0, 0, 4, NULL, 7),
(1462, 2, 'free', 262, 0, 0, 0, 4, NULL, 7),
(1463, 2, 'free', 263, 0, 0, 0, 4, NULL, 7),
(1464, 2, 'free', 264, 0, 0, 0, 4, NULL, 7),
(1465, 3, 'free', 265, 0, 0, 0, 4, NULL, 7),
(1466, 3, 'free', 266, 0, 0, 0, 4, NULL, 7),
(1467, 3, 'free', 267, 0, 0, 0, 4, NULL, 7),
(1468, 3, 'free', 268, 0, 0, 0, 4, NULL, 7),
(1469, 3, 'free', 269, 0, 0, 0, 4, NULL, 7),
(1470, 3, 'free', 270, 0, 0, 0, 4, NULL, 7),
(1471, 3, 'free', 271, 0, 0, 0, 4, NULL, 7),
(1472, 3, 'free', 272, 0, 0, 0, 4, NULL, 7),
(1473, 3, 'free', 273, 0, 0, 0, 4, NULL, 7),
(1474, 3, 'free', 274, 0, 0, 0, 4, NULL, 7),
(1475, 3, 'free', 275, 0, 0, 0, 4, NULL, 7),
(1476, 3, 'free', 276, 0, 0, 0, 4, NULL, 7),
(1477, 4, 'free', 277, 0, 0, 0, 4, NULL, 7),
(1478, 4, 'free', 278, 0, 0, 0, 4, NULL, 7),
(1479, 4, 'free', 279, 0, 0, 0, 4, NULL, 7),
(1480, 4, 'free', 280, 0, 0, 0, 4, NULL, 7),
(1481, 4, 'free', 281, 0, 0, 0, 4, NULL, 7),
(1482, 4, 'free', 282, 0, 0, 0, 4, NULL, 7),
(1483, 4, 'free', 283, 0, 0, 0, 4, NULL, 7),
(1484, 4, 'free', 284, 0, 0, 0, 4, NULL, 7),
(1485, 4, 'free', 285, 0, 0, 0, 4, NULL, 7),
(1486, 4, 'free', 286, 0, 0, 0, 4, NULL, 7),
(1487, 4, 'free', 287, 0, 0, 0, 4, NULL, 7),
(1488, 4, 'free', 288, 0, 0, 0, 4, NULL, 7),
(1489, 5, 'free', 289, 0, 0, 0, 4, NULL, 7),
(1490, 5, 'free', 290, 0, 0, 0, 4, NULL, 7),
(1491, 5, 'free', 291, 0, 0, 0, 4, NULL, 7),
(1492, 5, 'free', 292, 0, 0, 0, 4, NULL, 7),
(1493, 5, 'free', 293, 0, 0, 0, 4, NULL, 7),
(1494, 5, 'free', 294, 0, 0, 0, 4, NULL, 7),
(1495, 5, 'free', 295, 0, 0, 0, 4, NULL, 7),
(1496, 5, 'free', 296, 0, 0, 0, 4, NULL, 7),
(1497, 5, 'free', 297, 0, 0, 0, 4, NULL, 7),
(1498, 5, 'free', 298, 0, 0, 0, 4, NULL, 7),
(1499, 5, 'free', 299, 0, 0, 0, 4, NULL, 7),
(1500, 5, 'free', 300, 0, 0, 0, 4, NULL, 7),
(1501, 6, 'free', 301, 0, 0, 0, 4, NULL, 7),
(1502, 6, 'free', 302, 0, 0, 0, 4, NULL, 7),
(1503, 6, 'free', 303, 0, 0, 0, 4, NULL, 7),
(1504, 6, 'free', 304, 0, 0, 0, 4, NULL, 7),
(1505, 6, 'free', 305, 0, 0, 0, 4, NULL, 7),
(1506, 6, 'free', 306, 0, 0, 0, 4, NULL, 7),
(1507, 6, 'free', 307, 0, 0, 0, 4, NULL, 7),
(1508, 6, 'free', 308, 0, 0, 0, 4, NULL, 7),
(1509, 6, 'free', 309, 0, 0, 0, 4, NULL, 7),
(1510, 6, 'free', 310, 0, 0, 0, 4, NULL, 7),
(1511, 6, 'free', 311, 0, 0, 0, 4, NULL, 7),
(1512, 6, 'free', 312, 0, 0, 0, 4, NULL, 7),
(1513, 7, 'free', 313, 0, 0, 0, 4, NULL, 7),
(1514, 7, 'free', 314, 0, 0, 0, 4, NULL, 7),
(1515, 7, 'free', 315, 0, 0, 0, 4, NULL, 7),
(1516, 7, 'free', 316, 0, 0, 0, 4, NULL, 7),
(1517, 7, 'free', 317, 0, 0, 0, 4, NULL, 7),
(1518, 7, 'free', 318, 0, 0, 0, 4, NULL, 7),
(1519, 7, 'free', 319, 0, 0, 0, 4, NULL, 7),
(1520, 7, 'free', 320, 0, 0, 0, 4, NULL, 7),
(1521, 7, 'free', 321, 0, 0, 0, 4, NULL, 7),
(1522, 7, 'free', 322, 0, 0, 0, 4, NULL, 7),
(1523, 7, 'free', 323, 0, 0, 0, 4, NULL, 7),
(1524, 7, 'free', 324, 0, 0, 0, 4, NULL, 7),
(1525, 8, 'free', 325, 0, 0, 0, 4, NULL, 7),
(1526, 8, 'free', 326, 0, 0, 0, 4, NULL, 7),
(1527, 8, 'free', 327, 0, 0, 0, 4, NULL, 7),
(1528, 8, 'free', 328, 0, 0, 0, 4, NULL, 7),
(1529, 8, 'free', 329, 0, 0, 0, 4, NULL, 7),
(1530, 8, 'free', 330, 0, 0, 0, 4, NULL, 7),
(1531, 8, 'free', 331, 0, 0, 0, 4, NULL, 7),
(1532, 8, 'free', 332, 0, 0, 0, 4, NULL, 7),
(1533, 8, 'free', 333, 0, 0, 0, 4, NULL, 7),
(1534, 8, 'free', 334, 0, 0, 0, 4, NULL, 7),
(1535, 8, 'free', 335, 0, 0, 0, 4, NULL, 7),
(1536, 8, 'free', 336, 0, 0, 0, 4, NULL, 7),
(1537, 9, 'free', 337, 0, 0, 0, 4, NULL, 7),
(1538, 9, 'free', 338, 0, 0, 0, 4, NULL, 7),
(1539, 9, 'free', 339, 0, 0, 0, 4, NULL, 7),
(1540, 9, 'free', 340, 0, 0, 0, 4, NULL, 7),
(1541, 9, 'free', 341, 0, 0, 0, 4, NULL, 7),
(1542, 9, 'free', 342, 0, 0, 0, 4, NULL, 7),
(1543, 9, 'free', 343, 0, 0, 0, 4, NULL, 7),
(1544, 9, 'free', 344, 0, 0, 0, 4, NULL, 7),
(1545, 9, 'free', 345, 0, 0, 0, 4, NULL, 7),
(1546, 9, 'free', 346, 0, 0, 0, 4, NULL, 7),
(1547, 9, 'free', 347, 0, 0, 0, 4, NULL, 7),
(1548, 9, 'free', 348, 0, 0, 0, 4, NULL, 7),
(1549, 10, 'free', 349, 0, 0, 0, 4, NULL, 7),
(1550, 10, 'free', 350, 0, 0, 0, 4, NULL, 7),
(1551, 10, 'free', 351, 0, 0, 0, 4, NULL, 7),
(1552, 10, 'free', 352, 0, 0, 0, 4, NULL, 7),
(1553, 10, 'free', 353, 0, 0, 0, 4, NULL, 7),
(1554, 10, 'free', 354, 0, 0, 0, 4, NULL, 7),
(1555, 10, 'free', 355, 0, 0, 0, 4, NULL, 7),
(1556, 10, 'free', 356, 0, 0, 0, 4, NULL, 7),
(1557, 10, 'free', 357, 0, 0, 0, 4, NULL, 7),
(1558, 10, 'free', 358, 0, 0, 0, 4, NULL, 7),
(1559, 10, 'free', 359, 0, 0, 0, 4, NULL, 7),
(1560, 10, 'free', 360, 0, 0, 0, 4, NULL, 7),
(1561, 11, 'free', 361, 0, 0, 0, 4, NULL, 7),
(1562, 11, 'free', 362, 0, 0, 0, 4, NULL, 7),
(1563, 11, 'free', 363, 0, 0, 0, 4, NULL, 7),
(1564, 11, 'free', 364, 0, 0, 0, 4, NULL, 7),
(1565, 11, 'free', 365, 0, 0, 0, 4, NULL, 7),
(1566, 11, 'free', 366, 0, 0, 0, 4, NULL, 7),
(1567, 11, 'free', 367, 0, 0, 0, 4, NULL, 7),
(1568, 11, 'free', 368, 0, 0, 0, 4, NULL, 7),
(1569, 11, 'free', 369, 0, 0, 0, 4, NULL, 7),
(1570, 11, 'free', 370, 0, 0, 0, 4, NULL, 7),
(1571, 11, 'free', 371, 0, 0, 0, 4, NULL, 7),
(1572, 11, 'free', 372, 0, 0, 0, 4, NULL, 7),
(1573, 12, 'free', 373, 0, 0, 0, 4, NULL, 7),
(1574, 12, 'free', 374, 0, 0, 0, 4, NULL, 7),
(1575, 12, 'free', 375, 0, 0, 0, 4, NULL, 7),
(1576, 12, 'free', 376, 0, 0, 0, 4, NULL, 7),
(1577, 12, 'free', 377, 0, 0, 0, 4, NULL, 7),
(1578, 12, 'free', 378, 0, 0, 0, 4, NULL, 7),
(1579, 12, 'free', 379, 0, 0, 0, 4, NULL, 7),
(1580, 12, 'free', 380, 0, 0, 0, 4, NULL, 7),
(1581, 12, 'free', 381, 0, 0, 0, 4, NULL, 7),
(1582, 12, 'free', 382, 0, 0, 0, 4, NULL, 7),
(1583, 12, 'free', 383, 0, 0, 0, 4, NULL, 7),
(1584, 12, 'free', 384, 0, 0, 0, 4, NULL, 7),
(1585, 13, 'free', 385, 0, 0, 0, 4, NULL, 7),
(1586, 13, 'free', 386, 0, 0, 0, 4, NULL, 7),
(1587, 13, 'free', 387, 0, 0, 0, 4, NULL, 7),
(1588, 13, 'free', 388, 0, 0, 0, 4, NULL, 7),
(1589, 13, 'free', 389, 0, 0, 0, 4, NULL, 7),
(1590, 13, 'free', 390, 0, 0, 0, 4, NULL, 7),
(1591, 13, 'free', 391, 0, 0, 0, 4, NULL, 7),
(1592, 13, 'free', 392, 0, 0, 0, 4, NULL, 7),
(1593, 13, 'free', 393, 0, 0, 0, 4, NULL, 7),
(1594, 13, 'free', 394, 0, 0, 0, 4, NULL, 7),
(1595, 13, 'free', 395, 0, 0, 0, 4, NULL, 7),
(1596, 13, 'free', 396, 0, 0, 0, 4, NULL, 7),
(1597, 14, 'free', 397, 0, 0, 0, 4, NULL, 7),
(1598, 14, 'free', 398, 0, 0, 0, 4, NULL, 7),
(1599, 14, 'free', 399, 0, 0, 0, 4, NULL, 7),
(1600, 14, 'free', 400, 0, 0, 0, 4, NULL, 7),
(1601, 14, 'free', 401, 0, 0, 0, 4, NULL, 7),
(1602, 14, 'free', 402, 0, 0, 0, 4, NULL, 7),
(1603, 14, 'free', 403, 0, 0, 0, 4, NULL, 7),
(1604, 14, 'free', 404, 0, 0, 0, 4, NULL, 7),
(1605, 14, 'free', 405, 0, 0, 0, 4, NULL, 7),
(1606, 14, 'free', 406, 0, 0, 0, 4, NULL, 7),
(1607, 14, 'free', 407, 0, 0, 0, 4, NULL, 7),
(1608, 14, 'free', 408, 0, 0, 0, 4, NULL, 7),
(1609, 15, 'free', 409, 0, 0, 0, 4, NULL, 7),
(1610, 15, 'free', 410, 0, 0, 0, 4, NULL, 7),
(1611, 15, 'free', 411, 0, 0, 0, 4, NULL, 7),
(1612, 15, 'free', 412, 0, 0, 0, 4, NULL, 7),
(1613, 15, 'free', 413, 0, 0, 0, 4, NULL, 7),
(1614, 15, 'free', 414, 0, 0, 0, 4, NULL, 7),
(1615, 15, 'free', 415, 0, 0, 0, 4, NULL, 7),
(1616, 15, 'free', 416, 0, 0, 0, 4, NULL, 7),
(1617, 15, 'free', 417, 0, 0, 0, 4, NULL, 7),
(1618, 15, 'free', 418, 0, 0, 0, 4, NULL, 7),
(1619, 15, 'free', 419, 0, 0, 0, 4, NULL, 7),
(1620, 15, 'free', 420, 0, 0, 0, 4, NULL, 7),
(1621, 16, 'free', 421, 0, 0, 0, 4, NULL, 7),
(1622, 16, 'free', 422, 0, 0, 0, 4, NULL, 7),
(1623, 16, 'free', 423, 0, 0, 0, 4, NULL, 7),
(1624, 16, 'free', 424, 0, 0, 0, 4, NULL, 7),
(1625, 16, 'free', 425, 0, 0, 0, 4, NULL, 7),
(1626, 16, 'free', 426, 0, 0, 0, 4, NULL, 7),
(1627, 16, 'free', 427, 0, 0, 0, 4, NULL, 7),
(1628, 16, 'free', 428, 0, 0, 0, 4, NULL, 7),
(1629, 16, 'free', 429, 0, 0, 0, 4, NULL, 7),
(1630, 16, 'free', 430, 0, 0, 0, 4, NULL, 7),
(1631, 16, 'free', 431, 0, 0, 0, 4, NULL, 7),
(1632, 16, 'free', 432, 0, 0, 0, 4, NULL, 7),
(1633, 17, 'free', 433, 0, 0, 0, 4, NULL, 7),
(1634, 17, 'free', 434, 0, 0, 0, 4, NULL, 7),
(1635, 17, 'free', 435, 0, 0, 0, 4, NULL, 7),
(1636, 17, 'free', 436, 0, 0, 0, 4, NULL, 7),
(1637, 17, 'free', 437, 0, 0, 0, 4, NULL, 7),
(1638, 17, 'free', 438, 0, 0, 0, 4, NULL, 7),
(1639, 17, 'free', 439, 0, 0, 0, 4, NULL, 7),
(1640, 17, 'free', 440, 0, 0, 0, 4, NULL, 7),
(1641, 17, 'free', 441, 0, 0, 0, 4, NULL, 7),
(1642, 17, 'free', 442, 0, 0, 0, 4, NULL, 7),
(1643, 17, 'free', 443, 0, 0, 0, 4, NULL, 7),
(1644, 17, 'free', 444, 0, 0, 0, 4, NULL, 7),
(1645, 18, 'free', 445, 0, 0, 0, 4, NULL, 7),
(1646, 18, 'free', 446, 0, 0, 0, 4, NULL, 7),
(1647, 18, 'free', 447, 0, 0, 0, 4, NULL, 7),
(1648, 18, 'free', 448, 0, 0, 0, 4, NULL, 7),
(1649, 18, 'free', 449, 0, 0, 0, 4, NULL, 7),
(1650, 18, 'free', 450, 0, 0, 0, 4, NULL, 7),
(1651, 18, 'free', 451, 0, 0, 0, 4, NULL, 7),
(1652, 18, 'free', 452, 0, 0, 0, 4, NULL, 7),
(1653, 18, 'free', 453, 0, 0, 0, 4, NULL, 7),
(1654, 18, 'free', 454, 0, 0, 0, 4, NULL, 7),
(1655, 18, 'free', 455, 0, 0, 0, 4, NULL, 7),
(1656, 18, 'free', 456, 0, 0, 0, 4, NULL, 7),
(1657, 19, 'free', 457, 0, 0, 0, 4, NULL, 7),
(1658, 19, 'free', 458, 0, 0, 0, 4, NULL, 7),
(1659, 19, 'free', 459, 0, 0, 0, 4, NULL, 7),
(1660, 19, 'free', 460, 0, 0, 0, 4, NULL, 7),
(1661, 19, 'free', 461, 0, 0, 0, 4, NULL, 7),
(1662, 19, 'free', 462, 0, 0, 0, 4, NULL, 7),
(1663, 19, 'free', 463, 0, 0, 0, 4, NULL, 7),
(1664, 19, 'free', 464, 0, 0, 0, 4, NULL, 7),
(1665, 19, 'free', 465, 0, 0, 0, 4, NULL, 7),
(1666, 19, 'free', 466, 0, 0, 0, 4, NULL, 7),
(1667, 19, 'free', 467, 0, 0, 0, 4, NULL, 7),
(1668, 19, 'free', 468, 0, 0, 0, 4, NULL, 7),
(1669, 20, 'free', 469, 0, 0, 0, 4, NULL, 7),
(1670, 20, 'free', 470, 0, 0, 0, 4, NULL, 7),
(1671, 20, 'free', 471, 0, 0, 0, 4, NULL, 7),
(1672, 20, 'free', 472, 0, 0, 0, 4, NULL, 7),
(1673, 20, 'free', 473, 0, 0, 0, 4, NULL, 7),
(1674, 20, 'free', 474, 0, 0, 0, 4, NULL, 7),
(1675, 20, 'free', 475, 0, 0, 0, 4, NULL, 7),
(1676, 20, 'free', 476, 0, 0, 0, 4, NULL, 7),
(1677, 20, 'free', 477, 0, 0, 0, 4, NULL, 7),
(1678, 20, 'free', 478, 0, 0, 0, 4, NULL, 7),
(1679, 20, 'free', 479, 0, 0, 0, 4, NULL, 7),
(1680, 20, 'free', 480, 0, 0, 0, 4, NULL, 7),
(1681, 1, 'free', 241, 0, 0, 0, 5, NULL, 8),
(1682, 1, 'free', 242, 0, 0, 0, 5, NULL, 8),
(1683, 1, 'free', 243, 0, 0, 0, 5, NULL, 8),
(1684, 1, 'free', 244, 0, 0, 0, 5, NULL, 8),
(1685, 1, 'free', 245, 0, 0, 0, 5, NULL, 8),
(1686, 1, 'free', 246, 0, 0, 0, 5, NULL, 8),
(1687, 1, 'free', 247, 0, 0, 0, 5, NULL, 8),
(1688, 1, 'free', 248, 0, 0, 0, 5, NULL, 8),
(1689, 1, 'free', 249, 0, 0, 0, 5, NULL, 8),
(1690, 1, 'free', 250, 0, 0, 0, 5, NULL, 8),
(1691, 1, 'free', 251, 0, 0, 0, 5, NULL, 8),
(1692, 1, 'free', 252, 0, 0, 0, 5, NULL, 8),
(1693, 2, 'free', 253, 0, 0, 0, 5, NULL, 8),
(1694, 2, 'free', 254, 0, 0, 0, 5, NULL, 8),
(1695, 2, 'free', 255, 0, 0, 0, 5, NULL, 8),
(1696, 2, 'free', 256, 0, 0, 0, 5, NULL, 8),
(1697, 2, 'free', 257, 0, 0, 0, 5, NULL, 8),
(1698, 2, 'free', 258, 0, 0, 0, 5, NULL, 8),
(1699, 2, 'free', 259, 0, 0, 0, 5, NULL, 8),
(1700, 2, 'free', 260, 0, 0, 0, 5, NULL, 8),
(1701, 2, 'free', 261, 0, 0, 0, 5, NULL, 8),
(1702, 2, 'free', 262, 0, 0, 0, 5, NULL, 8),
(1703, 2, 'free', 263, 0, 0, 0, 5, NULL, 8),
(1704, 2, 'free', 264, 0, 0, 0, 5, NULL, 8),
(1705, 3, 'free', 265, 0, 0, 0, 5, NULL, 8),
(1706, 3, 'free', 266, 0, 0, 0, 5, NULL, 8),
(1707, 3, 'free', 267, 0, 0, 0, 5, NULL, 8),
(1708, 3, 'free', 268, 0, 0, 0, 5, NULL, 8),
(1709, 3, 'free', 269, 0, 0, 0, 5, NULL, 8),
(1710, 3, 'free', 270, 0, 0, 0, 5, NULL, 8),
(1711, 3, 'free', 271, 0, 0, 0, 5, NULL, 8),
(1712, 3, 'free', 272, 0, 0, 0, 5, NULL, 8),
(1713, 3, 'free', 273, 0, 0, 0, 5, NULL, 8),
(1714, 3, 'free', 274, 0, 0, 0, 5, NULL, 8),
(1715, 3, 'free', 275, 0, 0, 0, 5, NULL, 8),
(1716, 3, 'free', 276, 0, 0, 0, 5, NULL, 8),
(1717, 4, 'free', 277, 0, 0, 0, 5, NULL, 8),
(1718, 4, 'free', 278, 0, 0, 0, 5, NULL, 8),
(1719, 4, 'free', 279, 0, 0, 0, 5, NULL, 8),
(1720, 4, 'free', 280, 0, 0, 0, 5, NULL, 8),
(1721, 4, 'free', 281, 0, 0, 0, 5, NULL, 8),
(1722, 4, 'free', 282, 0, 0, 0, 5, NULL, 8),
(1723, 4, 'free', 283, 0, 0, 0, 5, NULL, 8),
(1724, 4, 'free', 284, 0, 0, 0, 5, NULL, 8),
(1725, 4, 'free', 285, 0, 0, 0, 5, NULL, 8),
(1726, 4, 'free', 286, 0, 0, 0, 5, NULL, 8),
(1727, 4, 'free', 287, 0, 0, 0, 5, NULL, 8),
(1728, 4, 'free', 288, 0, 0, 0, 5, NULL, 8),
(1729, 5, 'free', 289, 0, 0, 0, 5, NULL, 8),
(1730, 5, 'free', 290, 0, 0, 0, 5, NULL, 8),
(1731, 5, 'free', 291, 0, 0, 0, 5, NULL, 8),
(1732, 5, 'free', 292, 0, 0, 0, 5, NULL, 8),
(1733, 5, 'free', 293, 0, 0, 0, 5, NULL, 8),
(1734, 5, 'free', 294, 0, 0, 0, 5, NULL, 8),
(1735, 5, 'free', 295, 0, 0, 0, 5, NULL, 8),
(1736, 5, 'free', 296, 0, 0, 0, 5, NULL, 8),
(1737, 5, 'free', 297, 0, 0, 0, 5, NULL, 8),
(1738, 5, 'free', 298, 0, 0, 0, 5, NULL, 8),
(1739, 5, 'free', 299, 0, 0, 0, 5, NULL, 8),
(1740, 5, 'free', 300, 0, 0, 0, 5, NULL, 8),
(1741, 6, 'free', 301, 0, 0, 0, 5, NULL, 8),
(1742, 6, 'free', 302, 0, 0, 0, 5, NULL, 8),
(1743, 6, 'free', 303, 0, 0, 0, 5, NULL, 8),
(1744, 6, 'free', 304, 0, 0, 0, 5, NULL, 8),
(1745, 6, 'free', 305, 0, 0, 0, 5, NULL, 8),
(1746, 6, 'free', 306, 0, 0, 0, 5, NULL, 8),
(1747, 6, 'free', 307, 0, 0, 0, 5, NULL, 8),
(1748, 6, 'free', 308, 0, 0, 0, 5, NULL, 8),
(1749, 6, 'free', 309, 0, 0, 0, 5, NULL, 8),
(1750, 6, 'free', 310, 0, 0, 0, 5, NULL, 8),
(1751, 6, 'free', 311, 0, 0, 0, 5, NULL, 8),
(1752, 6, 'free', 312, 0, 0, 0, 5, NULL, 8),
(1753, 7, 'free', 313, 0, 0, 0, 5, NULL, 8),
(1754, 7, 'free', 314, 0, 0, 0, 5, NULL, 8),
(1755, 7, 'free', 315, 0, 0, 0, 5, NULL, 8),
(1756, 7, 'free', 316, 0, 0, 0, 5, NULL, 8),
(1757, 7, 'free', 317, 0, 0, 0, 5, NULL, 8),
(1758, 7, 'free', 318, 0, 0, 0, 5, NULL, 8),
(1759, 7, 'free', 319, 0, 0, 0, 5, NULL, 8),
(1760, 7, 'free', 320, 0, 0, 0, 5, NULL, 8),
(1761, 7, 'free', 321, 0, 0, 0, 5, NULL, 8),
(1762, 7, 'free', 322, 0, 0, 0, 5, NULL, 8),
(1763, 7, 'free', 323, 0, 0, 0, 5, NULL, 8),
(1764, 7, 'free', 324, 0, 0, 0, 5, NULL, 8),
(1765, 8, 'free', 325, 0, 0, 0, 5, NULL, 8),
(1766, 8, 'free', 326, 0, 0, 0, 5, NULL, 8),
(1767, 8, 'free', 327, 0, 0, 0, 5, NULL, 8),
(1768, 8, 'free', 328, 0, 0, 0, 5, NULL, 8),
(1769, 8, 'free', 329, 0, 0, 0, 5, NULL, 8),
(1770, 8, 'free', 330, 0, 0, 0, 5, NULL, 8),
(1771, 8, 'free', 331, 0, 0, 0, 5, NULL, 8),
(1772, 8, 'free', 332, 0, 0, 0, 5, NULL, 8),
(1773, 8, 'free', 333, 0, 0, 0, 5, NULL, 8),
(1774, 8, 'free', 334, 0, 0, 0, 5, NULL, 8),
(1775, 8, 'free', 335, 0, 0, 0, 5, NULL, 8),
(1776, 8, 'free', 336, 0, 0, 0, 5, NULL, 8),
(1777, 9, 'free', 337, 0, 0, 0, 5, NULL, 8),
(1778, 9, 'free', 338, 0, 0, 0, 5, NULL, 8),
(1779, 9, 'free', 339, 0, 0, 0, 5, NULL, 8),
(1780, 9, 'free', 340, 0, 0, 0, 5, NULL, 8),
(1781, 9, 'free', 341, 0, 0, 0, 5, NULL, 8),
(1782, 9, 'free', 342, 0, 0, 0, 5, NULL, 8),
(1783, 9, 'free', 343, 0, 0, 0, 5, NULL, 8),
(1784, 9, 'free', 344, 0, 0, 0, 5, NULL, 8),
(1785, 9, 'free', 345, 0, 0, 0, 5, NULL, 8),
(1786, 9, 'free', 346, 0, 0, 0, 5, NULL, 8),
(1787, 9, 'free', 347, 0, 0, 0, 5, NULL, 8),
(1788, 9, 'free', 348, 0, 0, 0, 5, NULL, 8),
(1789, 10, 'free', 349, 0, 0, 0, 5, NULL, 8),
(1790, 10, 'free', 350, 0, 0, 0, 5, NULL, 8),
(1791, 10, 'free', 351, 0, 0, 0, 5, NULL, 8),
(1792, 10, 'free', 352, 0, 0, 0, 5, NULL, 8),
(1793, 10, 'free', 353, 0, 0, 0, 5, NULL, 8),
(1794, 10, 'free', 354, 0, 0, 0, 5, NULL, 8),
(1795, 10, 'free', 355, 0, 0, 0, 5, NULL, 8),
(1796, 10, 'free', 356, 0, 0, 0, 5, NULL, 8),
(1797, 10, 'free', 357, 0, 0, 0, 5, NULL, 8),
(1798, 10, 'free', 358, 0, 0, 0, 5, NULL, 8),
(1799, 10, 'free', 359, 0, 0, 0, 5, NULL, 8),
(1800, 10, 'free', 360, 0, 0, 0, 5, NULL, 8),
(1801, 11, 'free', 361, 0, 0, 0, 5, NULL, 8),
(1802, 11, 'free', 362, 0, 0, 0, 5, NULL, 8),
(1803, 11, 'free', 363, 0, 0, 0, 5, NULL, 8),
(1804, 11, 'free', 364, 0, 0, 0, 5, NULL, 8),
(1805, 11, 'free', 365, 0, 0, 0, 5, NULL, 8),
(1806, 11, 'free', 366, 0, 0, 0, 5, NULL, 8),
(1807, 11, 'free', 367, 0, 0, 0, 5, NULL, 8),
(1808, 11, 'free', 368, 0, 0, 0, 5, NULL, 8),
(1809, 11, 'free', 369, 0, 0, 0, 5, NULL, 8),
(1810, 11, 'free', 370, 0, 0, 0, 5, NULL, 8),
(1811, 11, 'free', 371, 0, 0, 0, 5, NULL, 8),
(1812, 11, 'free', 372, 0, 0, 0, 5, NULL, 8),
(1813, 12, 'free', 373, 0, 0, 0, 5, NULL, 8),
(1814, 12, 'free', 374, 0, 0, 0, 5, NULL, 8),
(1815, 12, 'free', 375, 0, 0, 0, 5, NULL, 8),
(1816, 12, 'free', 376, 0, 0, 0, 5, NULL, 8),
(1817, 12, 'free', 377, 0, 0, 0, 5, NULL, 8),
(1818, 12, 'free', 378, 0, 0, 0, 5, NULL, 8),
(1819, 12, 'free', 379, 0, 0, 0, 5, NULL, 8),
(1820, 12, 'free', 380, 0, 0, 0, 5, NULL, 8),
(1821, 12, 'free', 381, 0, 0, 0, 5, NULL, 8),
(1822, 12, 'free', 382, 0, 0, 0, 5, NULL, 8),
(1823, 12, 'free', 383, 0, 0, 0, 5, NULL, 8),
(1824, 12, 'free', 384, 0, 0, 0, 5, NULL, 8),
(1825, 13, 'free', 385, 0, 0, 0, 5, NULL, 8),
(1826, 13, 'free', 386, 0, 0, 0, 5, NULL, 8),
(1827, 13, 'free', 387, 0, 0, 0, 5, NULL, 8),
(1828, 13, 'free', 388, 0, 0, 0, 5, NULL, 8),
(1829, 13, 'free', 389, 0, 0, 0, 5, NULL, 8),
(1830, 13, 'free', 390, 0, 0, 0, 5, NULL, 8),
(1831, 13, 'free', 391, 0, 0, 0, 5, NULL, 8),
(1832, 13, 'free', 392, 0, 0, 0, 5, NULL, 8),
(1833, 13, 'free', 393, 0, 0, 0, 5, NULL, 8),
(1834, 13, 'free', 394, 0, 0, 0, 5, NULL, 8),
(1835, 13, 'free', 395, 0, 0, 0, 5, NULL, 8),
(1836, 13, 'free', 396, 0, 0, 0, 5, NULL, 8),
(1837, 14, 'free', 397, 0, 0, 0, 5, NULL, 8),
(1838, 14, 'free', 398, 0, 0, 0, 5, NULL, 8),
(1839, 14, 'free', 399, 0, 0, 0, 5, NULL, 8),
(1840, 14, 'free', 400, 0, 0, 0, 5, NULL, 8),
(1841, 14, 'free', 401, 0, 0, 0, 5, NULL, 8),
(1842, 14, 'free', 402, 0, 0, 0, 5, NULL, 8),
(1843, 14, 'free', 403, 0, 0, 0, 5, NULL, 8),
(1844, 14, 'free', 404, 0, 0, 0, 5, NULL, 8),
(1845, 14, 'free', 405, 0, 0, 0, 5, NULL, 8),
(1846, 14, 'free', 406, 0, 0, 0, 5, NULL, 8),
(1847, 14, 'free', 407, 0, 0, 0, 5, NULL, 8),
(1848, 14, 'free', 408, 0, 0, 0, 5, NULL, 8),
(1849, 15, 'free', 409, 0, 0, 0, 5, NULL, 8),
(1850, 15, 'free', 410, 0, 0, 0, 5, NULL, 8),
(1851, 15, 'free', 411, 0, 0, 0, 5, NULL, 8),
(1852, 15, 'free', 412, 0, 0, 0, 5, NULL, 8),
(1853, 15, 'free', 413, 0, 0, 0, 5, NULL, 8),
(1854, 15, 'free', 414, 0, 0, 0, 5, NULL, 8),
(1855, 15, 'free', 415, 0, 0, 0, 5, NULL, 8),
(1856, 15, 'free', 416, 0, 0, 0, 5, NULL, 8),
(1857, 15, 'free', 417, 0, 0, 0, 5, NULL, 8),
(1858, 15, 'free', 418, 0, 0, 0, 5, NULL, 8),
(1859, 15, 'free', 419, 0, 0, 0, 5, NULL, 8),
(1860, 15, 'free', 420, 0, 0, 0, 5, NULL, 8),
(1861, 16, 'free', 421, 0, 0, 0, 5, NULL, 8),
(1862, 16, 'free', 422, 0, 0, 0, 5, NULL, 8),
(1863, 16, 'free', 423, 0, 0, 0, 5, NULL, 8),
(1864, 16, 'free', 424, 0, 0, 0, 5, NULL, 8),
(1865, 16, 'free', 425, 0, 0, 0, 5, NULL, 8),
(1866, 16, 'free', 426, 0, 0, 0, 5, NULL, 8),
(1867, 16, 'free', 427, 0, 0, 0, 5, NULL, 8),
(1868, 16, 'free', 428, 0, 0, 0, 5, NULL, 8),
(1869, 16, 'free', 429, 0, 0, 0, 5, NULL, 8),
(1870, 16, 'free', 430, 0, 0, 0, 5, NULL, 8),
(1871, 16, 'free', 431, 0, 0, 0, 5, NULL, 8),
(1872, 16, 'free', 432, 0, 0, 0, 5, NULL, 8),
(1873, 17, 'free', 433, 0, 0, 0, 5, NULL, 8),
(1874, 17, 'free', 434, 0, 0, 0, 5, NULL, 8),
(1875, 17, 'free', 435, 0, 0, 0, 5, NULL, 8),
(1876, 17, 'free', 436, 0, 0, 0, 5, NULL, 8),
(1877, 17, 'free', 437, 0, 0, 0, 5, NULL, 8),
(1878, 17, 'free', 438, 0, 0, 0, 5, NULL, 8),
(1879, 17, 'free', 439, 0, 0, 0, 5, NULL, 8),
(1880, 17, 'free', 440, 0, 0, 0, 5, NULL, 8),
(1881, 17, 'free', 441, 0, 0, 0, 5, NULL, 8),
(1882, 17, 'free', 442, 0, 0, 0, 5, NULL, 8),
(1883, 17, 'free', 443, 0, 0, 0, 5, NULL, 8),
(1884, 17, 'free', 444, 0, 0, 0, 5, NULL, 8),
(1885, 18, 'free', 445, 0, 0, 0, 5, NULL, 8),
(1886, 18, 'free', 446, 0, 0, 0, 5, NULL, 8),
(1887, 18, 'free', 447, 0, 0, 0, 5, NULL, 8),
(1888, 18, 'free', 448, 0, 0, 0, 5, NULL, 8),
(1889, 18, 'free', 449, 0, 0, 0, 5, NULL, 8),
(1890, 18, 'free', 450, 0, 0, 0, 5, NULL, 8),
(1891, 18, 'free', 451, 0, 0, 0, 5, NULL, 8),
(1892, 18, 'free', 452, 0, 0, 0, 5, NULL, 8),
(1893, 18, 'free', 453, 0, 0, 0, 5, NULL, 8),
(1894, 18, 'free', 454, 0, 0, 0, 5, NULL, 8),
(1895, 18, 'free', 455, 0, 0, 0, 5, NULL, 8),
(1896, 18, 'free', 456, 0, 0, 0, 5, NULL, 8),
(1897, 19, 'free', 457, 0, 0, 0, 5, NULL, 8),
(1898, 19, 'free', 458, 0, 0, 0, 5, NULL, 8),
(1899, 19, 'free', 459, 0, 0, 0, 5, NULL, 8),
(1900, 19, 'free', 460, 0, 0, 0, 5, NULL, 8),
(1901, 19, 'free', 461, 0, 0, 0, 5, NULL, 8),
(1902, 19, 'free', 462, 0, 0, 0, 5, NULL, 8),
(1903, 19, 'free', 463, 0, 0, 0, 5, NULL, 8),
(1904, 19, 'free', 464, 0, 0, 0, 5, NULL, 8),
(1905, 19, 'free', 465, 0, 0, 0, 5, NULL, 8),
(1906, 19, 'free', 466, 0, 0, 0, 5, NULL, 8),
(1907, 19, 'free', 467, 0, 0, 0, 5, NULL, 8),
(1908, 19, 'free', 468, 0, 0, 0, 5, NULL, 8),
(1909, 20, 'free', 469, 0, 0, 0, 5, NULL, 8),
(1910, 20, 'free', 470, 0, 0, 0, 5, NULL, 8),
(1911, 20, 'free', 471, 0, 0, 0, 5, NULL, 8),
(1912, 20, 'free', 472, 0, 0, 0, 5, NULL, 8),
(1913, 20, 'free', 473, 0, 0, 0, 5, NULL, 8),
(1914, 20, 'free', 474, 0, 0, 0, 5, NULL, 8),
(1915, 20, 'free', 475, 0, 0, 0, 5, NULL, 8),
(1916, 20, 'free', 476, 0, 0, 0, 5, NULL, 8),
(1917, 20, 'free', 477, 0, 0, 0, 5, NULL, 8),
(1918, 20, 'free', 478, 0, 0, 0, 5, NULL, 8),
(1919, 20, 'free', 479, 0, 0, 0, 5, NULL, 8),
(1920, 20, 'free', 480, 0, 0, 0, 5, NULL, 8),
(1921, 1, 'free', 241, 0, 0, 0, 6, NULL, 9),
(1922, 1, 'free', 242, 0, 0, 0, 6, NULL, 9),
(1923, 1, 'free', 243, 0, 0, 0, 6, NULL, 9),
(1924, 1, 'free', 244, 0, 0, 0, 6, NULL, 9),
(1925, 1, 'free', 245, 0, 0, 0, 6, NULL, 9),
(1926, 1, 'free', 246, 0, 0, 0, 6, NULL, 9),
(1927, 1, 'free', 247, 0, 0, 0, 6, NULL, 9),
(1928, 1, 'free', 248, 0, 0, 0, 6, NULL, 9),
(1929, 1, 'free', 249, 0, 0, 0, 6, NULL, 9),
(1930, 1, 'free', 250, 0, 0, 0, 6, NULL, 9),
(1931, 1, 'free', 251, 0, 0, 0, 6, NULL, 9),
(1932, 1, 'free', 252, 0, 0, 0, 6, NULL, 9),
(1933, 2, 'free', 253, 0, 0, 0, 6, NULL, 9),
(1934, 2, 'free', 254, 0, 0, 0, 6, NULL, 9),
(1935, 2, 'free', 255, 0, 0, 0, 6, NULL, 9),
(1936, 2, 'free', 256, 0, 0, 0, 6, NULL, 9),
(1937, 2, 'free', 257, 0, 0, 0, 6, NULL, 9),
(1938, 2, 'free', 258, 0, 0, 0, 6, NULL, 9),
(1939, 2, 'free', 259, 0, 0, 0, 6, NULL, 9),
(1940, 2, 'free', 260, 0, 0, 0, 6, NULL, 9),
(1941, 2, 'free', 261, 0, 0, 0, 6, NULL, 9),
(1942, 2, 'free', 262, 0, 0, 0, 6, NULL, 9),
(1943, 2, 'free', 263, 0, 0, 0, 6, NULL, 9),
(1944, 2, 'free', 264, 0, 0, 0, 6, NULL, 9),
(1945, 3, 'free', 265, 0, 0, 0, 6, NULL, 9),
(1946, 3, 'free', 266, 0, 0, 0, 6, NULL, 9),
(1947, 3, 'free', 267, 0, 0, 0, 6, NULL, 9),
(1948, 3, 'free', 268, 0, 0, 0, 6, NULL, 9),
(1949, 3, 'free', 269, 0, 0, 0, 6, NULL, 9),
(1950, 3, 'free', 270, 0, 0, 0, 6, NULL, 9),
(1951, 3, 'free', 271, 0, 0, 0, 6, NULL, 9),
(1952, 3, 'free', 272, 0, 0, 0, 6, NULL, 9),
(1953, 3, 'free', 273, 0, 0, 0, 6, NULL, 9),
(1954, 3, 'free', 274, 0, 0, 0, 6, NULL, 9),
(1955, 3, 'free', 275, 0, 0, 0, 6, NULL, 9),
(1956, 3, 'free', 276, 0, 0, 0, 6, NULL, 9),
(1957, 4, 'free', 277, 0, 0, 0, 6, NULL, 9),
(1958, 4, 'free', 278, 0, 0, 0, 6, NULL, 9),
(1959, 4, 'free', 279, 0, 0, 0, 6, NULL, 9),
(1960, 4, 'free', 280, 0, 0, 0, 6, NULL, 9),
(1961, 4, 'free', 281, 0, 0, 0, 6, NULL, 9),
(1962, 4, 'free', 282, 0, 0, 0, 6, NULL, 9),
(1963, 4, 'free', 283, 0, 0, 0, 6, NULL, 9),
(1964, 4, 'free', 284, 0, 0, 0, 6, NULL, 9),
(1965, 4, 'free', 285, 0, 0, 0, 6, NULL, 9),
(1966, 4, 'free', 286, 0, 0, 0, 6, NULL, 9),
(1967, 4, 'free', 287, 0, 0, 0, 6, NULL, 9),
(1968, 4, 'free', 288, 0, 0, 0, 6, NULL, 9),
(1969, 5, 'free', 289, 0, 0, 0, 6, NULL, 9),
(1970, 5, 'free', 290, 0, 0, 0, 6, NULL, 9),
(1971, 5, 'free', 291, 0, 0, 0, 6, NULL, 9),
(1972, 5, 'free', 292, 0, 0, 0, 6, NULL, 9),
(1973, 5, 'free', 293, 0, 0, 0, 6, NULL, 9),
(1974, 5, 'free', 294, 0, 0, 0, 6, NULL, 9),
(1975, 5, 'free', 295, 0, 0, 0, 6, NULL, 9),
(1976, 5, 'free', 296, 0, 0, 0, 6, NULL, 9),
(1977, 5, 'free', 297, 0, 0, 0, 6, NULL, 9),
(1978, 5, 'free', 298, 0, 0, 0, 6, NULL, 9),
(1979, 5, 'free', 299, 0, 0, 0, 6, NULL, 9),
(1980, 5, 'free', 300, 0, 0, 0, 6, NULL, 9),
(1981, 6, 'free', 301, 0, 0, 0, 6, NULL, 9),
(1982, 6, 'free', 302, 0, 0, 0, 6, NULL, 9),
(1983, 6, 'free', 303, 0, 0, 0, 6, NULL, 9),
(1984, 6, 'free', 304, 0, 0, 0, 6, NULL, 9),
(1985, 6, 'free', 305, 0, 0, 0, 6, NULL, 9),
(1986, 6, 'free', 306, 0, 0, 0, 6, NULL, 9),
(1987, 6, 'free', 307, 0, 0, 0, 6, NULL, 9),
(1988, 6, 'free', 308, 0, 0, 0, 6, NULL, 9),
(1989, 6, 'free', 309, 0, 0, 0, 6, NULL, 9),
(1990, 6, 'free', 310, 0, 0, 0, 6, NULL, 9),
(1991, 6, 'free', 311, 0, 0, 0, 6, NULL, 9),
(1992, 6, 'free', 312, 0, 0, 0, 6, NULL, 9),
(1993, 7, 'free', 313, 0, 0, 0, 6, NULL, 9),
(1994, 7, 'free', 314, 0, 0, 0, 6, NULL, 9),
(1995, 7, 'free', 315, 0, 0, 0, 6, NULL, 9),
(1996, 7, 'free', 316, 0, 0, 0, 6, NULL, 9),
(1997, 7, 'free', 317, 0, 0, 0, 6, NULL, 9),
(1998, 7, 'free', 318, 0, 0, 0, 6, NULL, 9),
(1999, 7, 'free', 319, 0, 0, 0, 6, NULL, 9),
(2000, 7, 'free', 320, 0, 0, 0, 6, NULL, 9),
(2001, 7, 'free', 321, 0, 0, 0, 6, NULL, 9),
(2002, 7, 'free', 322, 0, 0, 0, 6, NULL, 9),
(2003, 7, 'free', 323, 0, 0, 0, 6, NULL, 9),
(2004, 7, 'free', 324, 0, 0, 0, 6, NULL, 9),
(2005, 8, 'free', 325, 0, 0, 0, 6, NULL, 9),
(2006, 8, 'free', 326, 0, 0, 0, 6, NULL, 9),
(2007, 8, 'free', 327, 0, 0, 0, 6, NULL, 9),
(2008, 8, 'free', 328, 0, 0, 0, 6, NULL, 9),
(2009, 8, 'free', 329, 0, 0, 0, 6, NULL, 9),
(2010, 8, 'free', 330, 0, 0, 0, 6, NULL, 9),
(2011, 8, 'free', 331, 0, 0, 0, 6, NULL, 9),
(2012, 8, 'free', 332, 0, 0, 0, 6, NULL, 9),
(2013, 8, 'free', 333, 0, 0, 0, 6, NULL, 9),
(2014, 8, 'free', 334, 0, 0, 0, 6, NULL, 9),
(2015, 8, 'free', 335, 0, 0, 0, 6, NULL, 9),
(2016, 8, 'free', 336, 0, 0, 0, 6, NULL, 9),
(2017, 9, 'free', 337, 0, 0, 0, 6, NULL, 9),
(2018, 9, 'free', 338, 0, 0, 0, 6, NULL, 9),
(2019, 9, 'free', 339, 0, 0, 0, 6, NULL, 9),
(2020, 9, 'free', 340, 0, 0, 0, 6, NULL, 9),
(2021, 9, 'free', 341, 0, 0, 0, 6, NULL, 9),
(2022, 9, 'free', 342, 0, 0, 0, 6, NULL, 9),
(2023, 9, 'free', 343, 0, 0, 0, 6, NULL, 9),
(2024, 9, 'free', 344, 0, 0, 0, 6, NULL, 9),
(2025, 9, 'free', 345, 0, 0, 0, 6, NULL, 9),
(2026, 9, 'free', 346, 0, 0, 0, 6, NULL, 9),
(2027, 9, 'free', 347, 0, 0, 0, 6, NULL, 9),
(2028, 9, 'free', 348, 0, 0, 0, 6, NULL, 9),
(2029, 10, 'free', 349, 0, 0, 0, 6, NULL, 9),
(2030, 10, 'free', 350, 0, 0, 0, 6, NULL, 9),
(2031, 10, 'free', 351, 0, 0, 0, 6, NULL, 9),
(2032, 10, 'free', 352, 0, 0, 0, 6, NULL, 9),
(2033, 10, 'free', 353, 0, 0, 0, 6, NULL, 9),
(2034, 10, 'free', 354, 0, 0, 0, 6, NULL, 9),
(2035, 10, 'free', 355, 0, 0, 0, 6, NULL, 9),
(2036, 10, 'free', 356, 0, 0, 0, 6, NULL, 9),
(2037, 10, 'free', 357, 0, 0, 0, 6, NULL, 9),
(2038, 10, 'free', 358, 0, 0, 0, 6, NULL, 9),
(2039, 10, 'free', 359, 0, 0, 0, 6, NULL, 9),
(2040, 10, 'free', 360, 0, 0, 0, 6, NULL, 9),
(2041, 11, 'free', 361, 0, 0, 0, 6, NULL, 9),
(2042, 11, 'free', 362, 0, 0, 0, 6, NULL, 9),
(2043, 11, 'free', 363, 0, 0, 0, 6, NULL, 9),
(2044, 11, 'free', 364, 0, 0, 0, 6, NULL, 9),
(2045, 11, 'free', 365, 0, 0, 0, 6, NULL, 9),
(2046, 11, 'free', 366, 0, 0, 0, 6, NULL, 9),
(2047, 11, 'free', 367, 0, 0, 0, 6, NULL, 9),
(2048, 11, 'free', 368, 0, 0, 0, 6, NULL, 9),
(2049, 11, 'free', 369, 0, 0, 0, 6, NULL, 9),
(2050, 11, 'free', 370, 0, 0, 0, 6, NULL, 9),
(2051, 11, 'free', 371, 0, 0, 0, 6, NULL, 9),
(2052, 11, 'free', 372, 0, 0, 0, 6, NULL, 9),
(2053, 12, 'free', 373, 0, 0, 0, 6, NULL, 9),
(2054, 12, 'free', 374, 0, 0, 0, 6, NULL, 9),
(2055, 12, 'free', 375, 0, 0, 0, 6, NULL, 9),
(2056, 12, 'free', 376, 0, 0, 0, 6, NULL, 9),
(2057, 12, 'free', 377, 0, 0, 0, 6, NULL, 9),
(2058, 12, 'free', 378, 0, 0, 0, 6, NULL, 9),
(2059, 12, 'free', 379, 0, 0, 0, 6, NULL, 9),
(2060, 12, 'free', 380, 0, 0, 0, 6, NULL, 9),
(2061, 12, 'free', 381, 0, 0, 0, 6, NULL, 9),
(2062, 12, 'free', 382, 0, 0, 0, 6, NULL, 9),
(2063, 12, 'free', 383, 0, 0, 0, 6, NULL, 9),
(2064, 12, 'free', 384, 0, 0, 0, 6, NULL, 9),
(2065, 13, 'free', 385, 0, 0, 0, 6, NULL, 9),
(2066, 13, 'free', 386, 0, 0, 0, 6, NULL, 9),
(2067, 13, 'free', 387, 0, 0, 0, 6, NULL, 9),
(2068, 13, 'free', 388, 0, 0, 0, 6, NULL, 9),
(2069, 13, 'free', 389, 0, 0, 0, 6, NULL, 9),
(2070, 13, 'free', 390, 0, 0, 0, 6, NULL, 9),
(2071, 13, 'free', 391, 0, 0, 0, 6, NULL, 9),
(2072, 13, 'free', 392, 0, 0, 0, 6, NULL, 9),
(2073, 13, 'free', 393, 0, 0, 0, 6, NULL, 9),
(2074, 13, 'free', 394, 0, 0, 0, 6, NULL, 9),
(2075, 13, 'free', 395, 0, 0, 0, 6, NULL, 9),
(2076, 13, 'free', 396, 0, 0, 0, 6, NULL, 9),
(2077, 14, 'free', 397, 0, 0, 0, 6, NULL, 9),
(2078, 14, 'free', 398, 0, 0, 0, 6, NULL, 9),
(2079, 14, 'free', 399, 0, 0, 0, 6, NULL, 9),
(2080, 14, 'free', 400, 0, 0, 0, 6, NULL, 9),
(2081, 14, 'free', 401, 0, 0, 0, 6, NULL, 9),
(2082, 14, 'free', 402, 0, 0, 0, 6, NULL, 9),
(2083, 14, 'free', 403, 0, 0, 0, 6, NULL, 9),
(2084, 14, 'free', 404, 0, 0, 0, 6, NULL, 9),
(2085, 14, 'free', 405, 0, 0, 0, 6, NULL, 9),
(2086, 14, 'free', 406, 0, 0, 0, 6, NULL, 9),
(2087, 14, 'free', 407, 0, 0, 0, 6, NULL, 9),
(2088, 14, 'free', 408, 0, 0, 0, 6, NULL, 9),
(2089, 15, 'free', 409, 0, 0, 0, 6, NULL, 9),
(2090, 15, 'free', 410, 0, 0, 0, 6, NULL, 9),
(2091, 15, 'free', 411, 0, 0, 0, 6, NULL, 9),
(2092, 15, 'free', 412, 0, 0, 0, 6, NULL, 9),
(2093, 15, 'free', 413, 0, 0, 0, 6, NULL, 9),
(2094, 15, 'free', 414, 0, 0, 0, 6, NULL, 9),
(2095, 15, 'free', 415, 0, 0, 0, 6, NULL, 9),
(2096, 15, 'free', 416, 0, 0, 0, 6, NULL, 9),
(2097, 15, 'free', 417, 0, 0, 0, 6, NULL, 9),
(2098, 15, 'free', 418, 0, 0, 0, 6, NULL, 9),
(2099, 15, 'free', 419, 0, 0, 0, 6, NULL, 9),
(2100, 15, 'free', 420, 0, 0, 0, 6, NULL, 9),
(2101, 16, 'free', 421, 0, 0, 0, 6, NULL, 9),
(2102, 16, 'free', 422, 0, 0, 0, 6, NULL, 9),
(2103, 16, 'free', 423, 0, 0, 0, 6, NULL, 9),
(2104, 16, 'free', 424, 0, 0, 0, 6, NULL, 9),
(2105, 16, 'free', 425, 0, 0, 0, 6, NULL, 9),
(2106, 16, 'free', 426, 0, 0, 0, 6, NULL, 9),
(2107, 16, 'free', 427, 0, 0, 0, 6, NULL, 9),
(2108, 16, 'free', 428, 0, 0, 0, 6, NULL, 9),
(2109, 16, 'free', 429, 0, 0, 0, 6, NULL, 9),
(2110, 16, 'free', 430, 0, 0, 0, 6, NULL, 9),
(2111, 16, 'free', 431, 0, 0, 0, 6, NULL, 9),
(2112, 16, 'free', 432, 0, 0, 0, 6, NULL, 9),
(2113, 17, 'free', 433, 0, 0, 0, 6, NULL, 9),
(2114, 17, 'free', 434, 0, 0, 0, 6, NULL, 9),
(2115, 17, 'free', 435, 0, 0, 0, 6, NULL, 9),
(2116, 17, 'free', 436, 0, 0, 0, 6, NULL, 9),
(2117, 17, 'free', 437, 0, 0, 0, 6, NULL, 9),
(2118, 17, 'free', 438, 0, 0, 0, 6, NULL, 9),
(2119, 17, 'free', 439, 0, 0, 0, 6, NULL, 9),
(2120, 17, 'free', 440, 0, 0, 0, 6, NULL, 9),
(2121, 17, 'free', 441, 0, 0, 0, 6, NULL, 9),
(2122, 17, 'free', 442, 0, 0, 0, 6, NULL, 9),
(2123, 17, 'free', 443, 0, 0, 0, 6, NULL, 9),
(2124, 17, 'free', 444, 0, 0, 0, 6, NULL, 9),
(2125, 18, 'free', 445, 0, 0, 0, 6, NULL, 9),
(2126, 18, 'free', 446, 0, 0, 0, 6, NULL, 9),
(2127, 18, 'free', 447, 0, 0, 0, 6, NULL, 9),
(2128, 18, 'free', 448, 0, 0, 0, 6, NULL, 9),
(2129, 18, 'free', 449, 0, 0, 0, 6, NULL, 9),
(2130, 18, 'free', 450, 0, 0, 0, 6, NULL, 9),
(2131, 18, 'free', 451, 0, 0, 0, 6, NULL, 9),
(2132, 18, 'free', 452, 0, 0, 0, 6, NULL, 9),
(2133, 18, 'free', 453, 0, 0, 0, 6, NULL, 9),
(2134, 18, 'free', 454, 0, 0, 0, 6, NULL, 9),
(2135, 18, 'free', 455, 0, 0, 0, 6, NULL, 9),
(2136, 18, 'free', 456, 0, 0, 0, 6, NULL, 9),
(2137, 19, 'free', 457, 0, 0, 0, 6, NULL, 9),
(2138, 19, 'free', 458, 0, 0, 0, 6, NULL, 9),
(2139, 19, 'free', 459, 0, 0, 0, 6, NULL, 9),
(2140, 19, 'free', 460, 0, 0, 0, 6, NULL, 9),
(2141, 19, 'free', 461, 0, 0, 0, 6, NULL, 9),
(2142, 19, 'free', 462, 0, 0, 0, 6, NULL, 9),
(2143, 19, 'free', 463, 0, 0, 0, 6, NULL, 9),
(2144, 19, 'free', 464, 0, 0, 0, 6, NULL, 9),
(2145, 19, 'free', 465, 0, 0, 0, 6, NULL, 9),
(2146, 19, 'free', 466, 0, 0, 0, 6, NULL, 9),
(2147, 19, 'free', 467, 0, 0, 0, 6, NULL, 9),
(2148, 19, 'free', 468, 0, 0, 0, 6, NULL, 9),
(2149, 20, 'free', 469, 0, 0, 0, 6, NULL, 9),
(2150, 20, 'free', 470, 0, 0, 0, 6, NULL, 9),
(2151, 20, 'free', 471, 0, 0, 0, 6, NULL, 9),
(2152, 20, 'free', 472, 0, 0, 0, 6, NULL, 9),
(2153, 20, 'free', 473, 0, 0, 0, 6, NULL, 9),
(2154, 20, 'free', 474, 0, 0, 0, 6, NULL, 9),
(2155, 20, 'free', 475, 0, 0, 0, 6, NULL, 9),
(2156, 20, 'free', 476, 0, 0, 0, 6, NULL, 9),
(2157, 20, 'free', 477, 0, 0, 0, 6, NULL, 9),
(2158, 20, 'free', 478, 0, 0, 0, 6, NULL, 9),
(2159, 20, 'free', 479, 0, 0, 0, 6, NULL, 9),
(2160, 20, 'free', 480, 0, 0, 0, 6, NULL, 9);

-- --------------------------------------------------------

--
-- Структура таблицы `houses`
--

CREATE TABLE `houses` (
  `id` int(11) NOT NULL,
  `name` varchar(255) NOT NULL,
  `address` varchar(255) NOT NULL,
  `built_year` int(11) NOT NULL,
  `built_quarter` int(11) NOT NULL,
  `ProjectId` int(11) DEFAULT NULL,
  `projectIdId` int(11) DEFAULT NULL
) ENGINE=InnoDB DEFAULT CHARSET=utf8;

--
-- Дамп данных таблицы `houses`
--

INSERT INTO `houses` (`id`, `name`, `address`, `built_year`, `built_quarter`, `ProjectId`, `projectIdId`) VALUES
(1, 'Литер 1', 'г. Ростов-на-Дону, ул.Вересаева, 101/3 стр.1', 2024, 4, 1, NULL),
(2, 'Литер 2', 'г. Ростов-на-Дону, ул.Вересаева, 101/3 стр.1', 2024, 4, 1, NULL),
(3, 'Литер 3', 'г. Ростов-на-Дону, ул.Вересаева, 101/3 стр.1', 2024, 4, 1, NULL),
(4, 'Литер 4', 'г. Ростов-на-Дону, ул.Вересаева, 101/3 стр.1', 2024, 4, 2, NULL),
(5, 'Литер 5', 'г. Ростов-на-Дону, ул.Вересаева, 101/3 стр.1', 2024, 4, 2, NULL),
(6, 'Литер 6', 'г. Ростов-на-Дону, ул.Вересаева, 101/3 стр.1', 2024, 4, 2, NULL);

-- --------------------------------------------------------

--
-- Структура таблицы `projects`
--

CREATE TABLE `projects` (
  `id` int(11) NOT NULL,
  `name` varchar(255) NOT NULL,
  `coords` varchar(255) NOT NULL,
  `district` varchar(255) NOT NULL,
  `website` varchar(255) NOT NULL
) ENGINE=InnoDB DEFAULT CHARSET=utf8;

--
-- Дамп данных таблицы `projects`
--

INSERT INTO `projects` (`id`, `name`, `coords`, `district`, `website`) VALUES
(1, 'Эко-квартал Вересаево', '47.241768, 39.800856', 'Александровка', 'https://veresaevo.ru/'),
(2, 'ЖК Новый 2', '47.241768, 39.800856', 'Александровка', 'https://veresaevo.ru/');

-- --------------------------------------------------------

--
-- Структура таблицы `sections`
--

CREATE TABLE `sections` (
  `id` int(11) NOT NULL,
  `number` int(11) NOT NULL,
  `floors` int(11) NOT NULL,
  `flats_on_floor` int(11) NOT NULL,
  `starting_flat_number` int(11) NOT NULL,
  `HouseId` int(11) DEFAULT NULL,
  `houseIdId` int(11) DEFAULT NULL
) ENGINE=InnoDB DEFAULT CHARSET=utf8;

--
-- Дамп данных таблицы `sections`
--

INSERT INTO `sections` (`id`, `number`, `floors`, `flats_on_floor`, `starting_flat_number`, `HouseId`, `houseIdId`) VALUES
(1, 2, 20, 12, 241, 1, NULL),
(2, 1, 20, 12, 241, 1, NULL),
(3, 1, 20, 12, 241, 2, NULL),
(4, 2, 20, 12, 241, 2, NULL),
(5, 1, 20, 12, 241, 3, NULL),
(6, 2, 20, 12, 241, 3, NULL),
(7, 2, 20, 12, 241, 4, NULL),
(8, 2, 20, 12, 241, 5, NULL),
(9, 2, 20, 12, 241, 6, NULL);

-- --------------------------------------------------------

--
-- Структура таблицы `users`
--

CREATE TABLE `users` (
  `id` int(11) NOT NULL,
  `login` varchar(255) NOT NULL,
  `password` varchar(255) NOT NULL
) ENGINE=InnoDB DEFAULT CHARSET=utf8;

--
-- Дамп данных таблицы `users`
--

INSERT INTO `users` (`id`, `login`, `password`) VALUES
(1, 'admin', 'admin');

--
-- Индексы сохранённых таблиц
--

--
-- Индексы таблицы `flats`
--
ALTER TABLE `flats`
  ADD PRIMARY KEY (`id`),
  ADD KEY `HouseId` (`HouseId`),
  ADD KEY `houseIdId` (`houseIdId`),
  ADD KEY `sectionId` (`sectionId`);

--
-- Индексы таблицы `houses`
--
ALTER TABLE `houses`
  ADD PRIMARY KEY (`id`),
  ADD KEY `ProjectId` (`ProjectId`),
  ADD KEY `projectIdId` (`projectIdId`);

--
-- Индексы таблицы `projects`
--
ALTER TABLE `projects`
  ADD PRIMARY KEY (`id`);

--
-- Индексы таблицы `sections`
--
ALTER TABLE `sections`
  ADD PRIMARY KEY (`id`),
  ADD KEY `HouseId` (`HouseId`),
  ADD KEY `houseIdId` (`houseIdId`);

--
-- Индексы таблицы `users`
--
ALTER TABLE `users`
  ADD PRIMARY KEY (`id`),
  ADD UNIQUE KEY `login` (`login`);

--
-- AUTO_INCREMENT для сохранённых таблиц
--

--
-- AUTO_INCREMENT для таблицы `flats`
--
ALTER TABLE `flats`
  MODIFY `id` int(11) NOT NULL AUTO_INCREMENT, AUTO_INCREMENT=2161;

--
-- AUTO_INCREMENT для таблицы `houses`
--
ALTER TABLE `houses`
  MODIFY `id` int(11) NOT NULL AUTO_INCREMENT, AUTO_INCREMENT=7;

--
-- AUTO_INCREMENT для таблицы `projects`
--
ALTER TABLE `projects`
  MODIFY `id` int(11) NOT NULL AUTO_INCREMENT, AUTO_INCREMENT=3;

--
-- AUTO_INCREMENT для таблицы `sections`
--
ALTER TABLE `sections`
  MODIFY `id` int(11) NOT NULL AUTO_INCREMENT, AUTO_INCREMENT=10;

--
-- AUTO_INCREMENT для таблицы `users`
--
ALTER TABLE `users`
  MODIFY `id` int(11) NOT NULL AUTO_INCREMENT, AUTO_INCREMENT=2;

--
-- Ограничения внешнего ключа сохраненных таблиц
--

--
-- Ограничения внешнего ключа таблицы `flats`
--
ALTER TABLE `flats`
  ADD CONSTRAINT `flats_ibfk_1` FOREIGN KEY (`HouseId`) REFERENCES `houses` (`id`) ON DELETE CASCADE ON UPDATE CASCADE,
  ADD CONSTRAINT `flats_ibfk_2` FOREIGN KEY (`houseIdId`) REFERENCES `houses` (`id`) ON DELETE SET NULL ON UPDATE CASCADE,
  ADD CONSTRAINT `flats_ibfk_3` FOREIGN KEY (`sectionId`) REFERENCES `sections` (`id`) ON DELETE CASCADE ON UPDATE CASCADE;

--
-- Ограничения внешнего ключа таблицы `houses`
--
ALTER TABLE `houses`
  ADD CONSTRAINT `houses_ibfk_1` FOREIGN KEY (`ProjectId`) REFERENCES `projects` (`id`) ON DELETE CASCADE ON UPDATE CASCADE,
  ADD CONSTRAINT `houses_ibfk_2` FOREIGN KEY (`projectIdId`) REFERENCES `projects` (`id`) ON DELETE SET NULL ON UPDATE CASCADE;

--
-- Ограничения внешнего ключа таблицы `sections`
--
ALTER TABLE `sections`
  ADD CONSTRAINT `sections_ibfk_1` FOREIGN KEY (`HouseId`) REFERENCES `houses` (`id`) ON DELETE CASCADE ON UPDATE CASCADE,
  ADD CONSTRAINT `sections_ibfk_2` FOREIGN KEY (`houseIdId`) REFERENCES `houses` (`id`) ON DELETE SET NULL ON UPDATE CASCADE;
COMMIT;

/*!40101 SET CHARACTER_SET_CLIENT=@OLD_CHARACTER_SET_CLIENT */;
/*!40101 SET CHARACTER_SET_RESULTS=@OLD_CHARACTER_SET_RESULTS */;
/*!40101 SET COLLATION_CONNECTION=@OLD_COLLATION_CONNECTION */;
